TIMESTAMP,AGENTNAME,ORDERBOOK,INSTRUMENT_NAME,COUNTRY,SECTOR_LONGNAME,SUBSECTOR_LONGNAME,INDUSTRY_LONGNAME,HOLDING_RATIO,HOLDING,OB_HOLDING,INVESTS,LASTFIXEDPRICE,ESG,E,S,G,ESG_RATIO,E_RATIO,S_RATIO,G_RATIO
2019-04-07 15:29:41.358,mm,FR0000120628,AXA,FR,FINANCIAL SERVICES,INSURANCE,MULTI-LINE INSURANCE,-0.007829,5595980,-43812,-14604,3,65.5,60,66.83,69.67,-0.5127995,-0.46974,-0.52321207,-0.54544643
2019-04-07 15:27:09.392,mm,FR0000051807,TELEPERFORMANCE,FR,CONSUMER DISCRETIONARY,MEDIA,ADVERTIING AGENCIES,0.003026,5595980,16939,1303,13,56.72,54,52.83,63.33,0.17163472,0.163404,0.15986358,0.19163658
2019-04-07 15:26:54.634,mm,FR0012435121,ELIS,FR,CONSUMER DISCRETIONARY,CONSUMER SERVICES,CONSUMER RENTAL & LEASE SERVICES,-0.026699,5595980,-149410,-14941,10,57.5,59,49.17,64.33,-1.5351925,-1.575241,-1.31278983,-1.71754667
2019-04-07 15:29:44.178,mm,FR0000121485,KERING,FR,CONSUMER DISCRETIONARY,CONSUMER PRODUCT,TEXTILE APPAREL & SHOES,0.057259,5595980,320424,26702,12,59.94,59.33,61.17,59.33,3.43210446,3.39717647,3.50253303,3.39717647
2019-04-07 15:29:29.984,mm,FR0000051732,ATOS,FR,TECHNOLOGY,INFORMATION TECHNOLOGY,COMPUTER SERVICES SOFTWARE & SYSTEMS,0.033759,5595980,188916,14532,13,60.78,55.67,63.67,63,2.05187202,1.87936353,2.14943553,2.126817
2019-04-07 15:28:08.674,mm,FR0010451203,REXEL,FR,CONSUMER DISCRETIONARY,CONSUMER PRODUCT,CONSUMER ELECTRONICS,0.057313,5595980,320727,29157,11,60.94,57,60.17,65.67,3.49265422,3.266841,3.44852321,3.76374471
2019-04-07 15:28:41.762,mm,FR0000121204,WENDEL,FR,PRODUCER DURABLES,MANUFACTURING & PRODUCTION,DIVERSIFIED MANUFACTURING,-0.025693,5595980,-143780,-14378,10,49.61,49.67,51.17,48,-1.27462973,-1.27617131,-1.31471081,-1.233264
2019-04-07 15:29:52.638,mm,FR0010220475,ALSTOM,FR,PRODUCER DURABLES,MANUFACTURING & PRODUCTION,POWER TRANSMISSION EQUIPMENT,0.099592,5595980,557320,27866,20,62.39,67.33,62.5,57.33,6.21354488,6.70552936,6.2245,5.70960936
2019-04-07 15:30:01.944,mm,FR0010242511,EDF,FR,UTILITIES,UTILITIES,ELECTRICAL UTILITIES,0.005097,5595980,28524,2377,12,60.17,66.67,61.5,52.33,0.30668649,0.33981699,0.3134655,0.26672601
2019-04-07 15:29:32.804,mm,FR0000130809,SOCIETE GENERALE,FR,FINANCIAL SERVICES,BANKS,DIVERSIFIED BANKS,0.052412,5595980,293300,14665,20,61.22,59,64.33,60.33,3.20866264,3.092308,3.37166396,3.16201596
2019-04-07 15:29:50.288,mm,FR0000121220,SODEXO,FR,PRODUCER DURABLES,COMMERCIAL SERVICES,ENVIRONMENT MAINTENANCE & SECURITY,0.056004,5595980,313400,15670,20,64.67,64.33,66,63.67,3.62177868,3.60273732,3.696264,3.56577468
2019-04-07 15:28:20.706,mm,FR0010208488,ENGIE,FR,UTILITIES,UTILITIES,MISCELLANEOUS UTILITIES,-0.031642,5595980,-177070,-17707,10,62.17,59.33,64.17,63,-1.96718314,-1.87731986,-2.03046714,-1.993446
2019-04-07 15:28:44.864,mm,FR0000120644,DANONE,FR,CONSUMER STAPLES,FOOD,FOOD,0.004304,5595980,24089,1853,13,65.11,66,61.67,67.67,0.28023344,0.284064,0.26542768,0.29125168
2019-04-07 15:29:47.468,mm,FR0000121964,KLEPIERRE,FR,FINANCIAL SERVICES,REAL ESTATE INVESTMENT TRUSTS,RETAIL REIT,0.001153,5595980,6456,2152,3,61.94,63.33,59.17,63.33,0.07141682,0.07301949,0.06822301,0.07301949
2019-04-07 15:29:45.118,mm,FR0000130403,CHRISTIAN DIOR,FR,CONSUMER DISCRETIONARY,CONSUMER PRODUCT,TEXTILE APPAREL & SHOES,0.002026,5595980,11340,1134,10,57.22,58,61,52.67,0.11592772,0.117508,0.123586,0.10670942
2019-04-07 15:29:57.056,mm,FR0000130395,REMY COINTREAU,FR,CONSUMER STAPLES,FOOD,BREWERS AND BEVERAGE DISTRIBUTION,0.001186,5595980,6640,332,20,56.33,56.33,56.33,56.33,0.06680738,0.06680738,0.06680738,0.06680738
2019-04-07 15:28:09.520,mm,FR0000125007,SAINT GOBAIN,FR,MATERIALS & PROCESSING,BUILDING MATERIALS,BUILDING MATERIALS,-0.007965,5595980,-44574,-14858,3,61.89,62,60,63.67,-0.49295385,-0.49383,-0.4779,-0.50713155
2019-04-07 15:29:26.130,mm,FR0000039299,BOLLORE,FR,PRODUCER DURABLES,TRANSPORTATION & FREIGHT,MISCELLANEOUS TRANSPORTATION,0.000811,5595980,4543,413,11,56.94,59.67,57.83,53.33,0.04617834,0.04839237,0.04690013,0.04325063
2019-04-07 15:29:27.540,mm,FR0012757854,SPIE,FR,PRODUCER DURABLES,COMMERCIAL SERVICES,ENGINEERING & CONTRACTING,-0.023708,5595980,-132675,-44225,3,58.56,55,54.33,66.33,-1.38834048,-1.30394,-1.28805564,-1.57255164
2019-04-07 15:29:43.426,mm,FR0000071946,ALTEN,FR,TECHNOLOGY,INFORMATION TECHNOLOGY,COMPUTER SERVICES SOFTWARE & SYSTEMS,0.104267,5595980,583480,29174,20,61.11,64.33,63,56,6.37175637,6.70749611,6.568821,5.838952
2019-04-07 15:27:56.642,mm,FR0000120404,ACCOR,FR,CONSUMER DISCRETIONARY,LEISURE,HOTELS & MOTELS,0.102269,5595980,572300,28615,20,62.33,61.67,60.33,65,6.37442677,6.30692923,6.16988877,6.647485
2019-04-07 15:29:40.512,mm,FR0000120073,AIR LIQUIDE,FR,MATERIALS & PROCESSING,CHEMICALS & SYNTHETICS,SPECIALTY CHEMICALS,0.057930,5595980,324180,16209,20,61.78,59.67,62,63.67,3.5789154,3.4566831,3.59166,3.6884031
2019-04-07 15:29:49.818,mm,FR0000121014,LVMH,FR,CONSUMER DISCRETIONARY,CONSUMER PRODUCT,TEXTILE APPAREL & SHOES,0.028215,5595980,157896,13158,12,58.83,61.67,60.5,54.33,1.65988845,1.74001905,1.7070075,1.53292095
2019-04-07 15:29:54.988,mm,FR0000120172,CARREFOUR,FR,CONSUMER STAPLES,PERSONAL CARE DRUGS & GROCERY,DRUG & GROCERY CHAINS,0.062548,5595980,350020,17501,20,63.83,62.67,64.17,64.67,3.99243884,3.91988316,4.01370516,4.04497916
2019-04-07 15:29:11.748,mm,FR0000120271,TOTALENERGIES,FR,ENERGY,NON-RENEWABLE ENERGY,INTEGRATED OIL,-0.003338,5595980,-18680,-934,20,63.28,64,64.83,61,-0.21122864,-0.213632,-0.21640254,-0.203618
2019-04-07 15:26:30.288,mm,FR0000121329,THALES,FR,PRODUCER DURABLES,TRANSPORTATION & FREIGHT,AEROSPACE,0.002128,5595980,11913,1083,11,61.89,64.67,62,59,0.13170192,0.13761776,0.131936,0.125552
2019-04-07 15:29:55.834,mm,FR0000130452,EIFFAGE,FR,PRODUCER DURABLES,MANUFACTURING & PRODUCTION,CONSTRUCTION,0.023150,5595980,129547,11777,11,57.83,55.67,60.17,57.67,1.3387645,1.2887605,1.3929355,1.3350605
2019-04-07 15:28:51.914,mm,FR0000120321,L'OREAL,FR,CONSUMER DISCRETIONARY,CONSUMER PRODUCT,COSMETICS,-0.029862,5595980,-167112,-15192,11,69.61,70.67,69.5,68.67,-2.07869382,-2.11034754,-2.075409,-2.05062354
2019-04-07 15:29:37.786,mm,FR0000184798,ORPEA,FR,HEALTH CARE SERVICES,HEALTH CARE SERVICES,HEALTH CARE FACILITIES,-0.052655,5595980,-294660,-29466,10,52.11,54.33,48.67,53.33,-2.74385205,-2.86074615,-2.56271885,-2.80809115
2019-04-07 15:27:46.584,mm,FR0010340141,ADP,FR,PRODUCER DURABLES,TRANSPORTATION & FREIGHT,MISCELLANEOUS TRANSPORTATION,0.024714,5595980,138300,13830,10,63.5,65.67,63.83,61,1.569339,1.62296838,1.57749462,1.507554
2019-04-07 15:29:21.618,mm,FR0000052292,HERMES INTL,FR,NOT CLASSIFIED,NOT CLASSIFIED,NOT CLASSIFIED,0.025377,5595980,142010,12910,11,53.67,53,52,56,1.36198359,1.344981,1.319604,1.421112
2019-04-07 15:29:09.398,mm,FR0000133308,ORANGE,FR,UTILITIES,UTILITIES,TELECOMMUNICATION UTILITIES,0.041407,5595980,231714,16551,14,60.56,55,67.67,59,2.50760792,2.277385,2.80201169,2.443013
2019-04-07 15:28:27.192,mm,FR0000045072,CREDIT AGRICOLE,FR,FINANCIAL SERVICES,BANKS,DIVERSIFIED BANKS,0.105107,5595980,588180,29409,20,59.72,55.67,66.17,57.33,6.27699004,5.85130669,6.95493019,6.02578431
2019-04-07 15:28:31.328,mm,FR0000120693,PERNOD RICARD,FR,CONSUMER STAPLES,FOOD,BREWERS AND BEVERAGE DISTRIBUTION,0.044646,5595980,249840,12492,20,64.22,64,63,65.67,2.86716612,2.857344,2.812698,2.93190282
2019-04-07 15:29:36.188,mm,FR0011981968,WORLDLINE,FR,TECHNOLOGY,INFORMATION TECHNOLOGY,COMPUTER SERVICES SOFTWARE & SYSTEMS,-0.023386,5595980,-130869,-43623,3,65.28,71,61.83,63,-1.52663808,-1.660406,-1.44595638,-1.473318
2019-04-07 15:27:28.912,mm,FR0000073272,SAFRAN,FR,PRODUCER DURABLES,TRANSPORTATION & FREIGHT,AEROSPACE,0.029978,5595980,167761,15251,11,58.22,59.33,60,55.33,1.74531916,1.77859474,1.79868,1.65868274
2019-04-07 15:29:53.390,mm,FR0010908533,EDENRED,FR,CONSUMER DISCRETIONARY,LEISURE,HOTELS & MOTELS,0.039600,5595980,221606,15829,14,57.94,59,56.5,58.33,2.294424,2.3364,2.2374,2.309868
2019-04-07 15:28:48.906,mm,FR0010307819,LEGRAND,FR,PRODUCER DURABLES,SCIENTIFIC INSTRUMENTS & SERVICES,SCIENCTIFIC INSTRUMENTS ELECTRICAL,0.000375,5595980,2100,700,3,65.17,64.33,64.83,66.33,0.02443875,0.02412375,0.02431125,0.02487375
2019-04-07 15:29:22.276,mm,FR0010411983,SCOR SE,FR,FINANCIAL SERVICES,INSURANCE,MULTI-LINE INSURANCE,0.028062,5595980,157036,14276,11,55.11,50.33,58,57,1.54649682,1.41236046,1.627596,1.599534
2019-04-07 15:29:38.914,mm,FR0000121121,EURAZEO,FR,FINANCIAL SERVICES,INVESTMENT BANKING & BROKERAGE,ASSET MANAGEMENT & CUSTODIAN,0.009748,5595980,54552,4546,12,60.06,63,55.17,62,0.58546488,0.614124,0.53779716,0.604376
2019-04-07 15:26:35.834,mm,FR0000120503,BOUYGUES,FR,PRODUCER DURABLES,MANUFACTURING & PRODUCTION,CONSTRUCTION,0.065607,5595980,367140,18357,20,60.5,56.33,63.5,61.67,3.9692235,3.69564231,4.1660445,4.04598369
2019-04-07 15:29:19.080,mm,FR0010040865,GECINA,FR,FINANCIAL SERVICES,REAL ESTATE INVESTMENT TRUSTS,OFFICE REIT,0.024942,5595980,139579,12689,11,65.44,67.33,61.33,67.67,1.63220448,1.67934486,1.52969286,1.68782514
2019-04-07 15:29:51.040,mm,FR0000121147,FAURECIA,FR,CONSUMER DISCRETIONARY,AUTO MOBILES,AUTO PARTS,-0.028467,5595980,-159302,-14482,11,52.89,50.67,56.67,51.33,-1.50561963,-1.44242289,-1.61322489,-1.46121111
2019-04-07 15:29:56.492,mm,FR0000050809,SOPRA STERIA GROUP,FR,TECHNOLOGY,INFORMATION TECHNOLOGY,COMPUTER SERVICES SOFTWARE & SYSTEMS,-0.016158,5595980,-90423,-30141,3,57.78,65.67,51.33,56.33,-0.93360924,-1.06109586,-0.82939014,-0.91018014
2019-04-07 15:28:22.398,mm,FR0000124141,VEOLIA ENVIRON.,FR,UTILITIES,UTILITIES,MISCELLANEOUS UTILITIES,-0.004042,5595980,-22620,-1885,12,59.17,58.33,59.83,59.33,-0.23916514,-0.23576986,-0.24183286,-0.23981186
2019-04-07 15:29:18.234,mm,FR0000127771,VIVENDI SE,FR,CONSUMER DISCRETIONARY,MEDIA,RADIO & TELEVISION BROADCASTERS,-0.000437,5595980,-2450,-175,14,57.17,52.67,62.17,56.67,-0.02498329,-0.02301679,-0.02716829,-0.02476479
2019-04-07 15:26:03.090,mm,FR0000121709,S.E.B.,FR,CONSUMER DISCRETIONARY,CONSUMER PRODUCT,HOUSEHOLD EQUIPMENT,0.044159,5595980,247114,17651,14,61.61,59,62.83,63,2.72063599,2.605381,2.77450997,2.782017
2019-04-07 15:27:02.404,mm,FR0000120578,SANOFI,FR,HEALTH CARE SERVICES,PHARMACEUTICALS,PHARMACEUTICALS,-0.024910,5595980,-139401,-15489,9,62.06,60.67,65.17,60.33,-1.5459146,-1.5112897,-1.6233847,-1.5028203
2019-04-07 15:30:04.576,mm,FR0000125486,VINCI,FR,PRODUCER DURABLES,MANUFACTURING & PRODUCTION,CONSTRUCTION,0.005580,5595980,31229,2839,11,62.56,62.67,61.67,63.33,0.3490848,0.3496986,0.3441186,0.3533814
2019-04-07 15:27:19.700,mm,FR0000054470,UBISOFT ENTERTAIN,FR,TECHNOLOGY,INFORMATION TECHNOLOGY,ELECTRONIC ENTERTAINMENT,0.003677,5595980,20579,1583,13,56,57.67,55.67,54.67,0.205912,0.21205259,0.20469859,0.20102159
2019-04-07 15:29:37.222,mm,FR0010313833,ARKEMA,FR,MATERIALS & PROCESSING,CHEMICALS & SYNTHETICS,DIVERSIFIED CHEMICALS,-0.037681,5595980,-210864,-17572,12,62.78,61.33,61,66,-2.36561318,-2.31097573,-2.298541,-2.486946
2019-04-07 15:29:42.862,mm,FR0000125338,CAPGEMINI,FR,TECHNOLOGY,INFORMATION TECHNOLOGY,COMPUTER SERVICES SOFTWARE & SYSTEMS,0.029907,5595980,167362,12874,13,60.83,58.33,61.83,62.33,1.81924281,1.74447531,1.84914981,1.86410331
2019-04-07 15:29:34.308,mm,FR0010259150,IPSEN,FR,HEALTH CARE SERVICES,PHARMACEUTICALS,PHARMACEUTICALS,0.001812,5595980,10143,1127,9,58.28,55,57.83,62,0.10560336,0.09966,0.10478796,0.112344
2019-04-07 15:29:28.668,mm,FR0006174348,BUREAU VERITAS,FR,PRODUCER DURABLES,COMMERCIAL SERVICES,BACK OFFICE HR & CONSULTANT,0.031877,5595980,178387,16217,11,55.89,54.33,53,60.33,1.78160553,1.73187741,1.689481,1.92313941
2019-04-07 15:29:52.168,mm,FR0000130577,PUBLICIS GROUPE SA,FR,CONSUMER DISCRETIONARY,MEDIA,ADVERTIING AGENCIES,-0.016679,5595980,-93336,-31112,3,56.22,56.33,56.33,56,-0.93769338,-0.93952807,-0.93952807,-0.934024
2019-04-07 15:29:54.048,mm,FR0000131906,RENAULT,FR,CONSUMER DISCRETIONARY,AUTO MOBILES,AUTO MOBILES,0.028127,5595980,157399,14309,11,60,63.67,62.33,54,1.68762,1.79084609,1.75315591,1.518858
2019-04-07 15:26:31.760,mm,FR0000121972,SCHNEIDER ELECTRIC,FR,PRODUCER DURABLES,MANUFACTURING & PRODUCTION,POWER TRANSMISSION EQUIPMENT,-0.011676,5595980,-65340,-3267,20,64.72,63.33,66.5,64.33,-0.75567072,-0.73944108,-0.776454,-0.75111708
2019-04-07 15:23:05.024,mm,FR0010533075,GETLINK SE,FR,PRODUCER DURABLES,TRANSPORTATION & FREIGHT,RAILROADS,0.032223,5595980,180323,16393,11,58.83,57.33,59.17,60,1.89567909,1.84734459,1.90663491,1.93338
2019-04-07 15:29:13.534,mm,FR0000131104,BNP PARIBAS ACT.A,FR,FINANCIAL SERVICES,BANKS,DIVERSIFIED BANKS,0.055818,5595980,312360,15618,20,63.5,61,65.83,63.67,3.544443,3.404898,3.67449894,3.55393206
2019-04-07 15:29:59.312,mm,FR0000121667,ESSILORLUXOTTICA,FR,HEALTH CARE SERVICES,MEDICAL EQUIPMENT & SERVICES,MEDICAL & DENTAL INSTRUMENTS,-0.054380,5595980,-304310,-30431,10,61.17,57.67,62.17,63.67,-3.3264246,-3.1360946,-3.3808046,-3.4623746
2019-04-05 07:03:56.128,Denise-01,FR0010220475,ALSTOM,FR,PRODUCER DURABLES,MANUFACTURING & PRODUCTION,POWER TRANSMISSION EQUIPMENT,0.341745,2417,826,59,14,62.39,67.33,62.5,57.33,21.32147055,23.00969085,21.3590625,19.59224085
2019-04-05 07:06:59.646,Denise-01,FR0000073272,SAFRAN,FR,PRODUCER DURABLES,TRANSPORTATION & FREIGHT,AEROSPACE,0.640049,2417,1547,119,13,58.22,59.33,60,55.33,37.26365278,37.97410717,38.40294,35.41391117
2019-04-05 07:09:03.914,Denise-01,FR0012757854,SPIE,FR,PRODUCER DURABLES,COMMERCIAL SERVICES,ENGINEERING & CONTRACTING,0.018204,2417,44,4,11,58.56,55,54.33,66.33,1.06602624,1.00122,0.98902332,1.20747132
2019-04-05 07:02:56.156,Gabriel-01,FR0000133308,ORANGE,FR,UTILITIES,UTILITIES,TELECOMMUNICATION UTILITIES,0.423004,2130,901,53,17,60.56,55,67.67,59,25.61712224,23.26522,28.62468068,24.957236
2019-04-05 07:46:30.786,Gabriel-01,FR0010307819,LEGRAND,FR,PRODUCER DURABLES,SCIENTIFIC INSTRUMENTS & SERVICES,SCIENCTIFIC INSTRUMENTS ELECTRICAL,0.518309,2130,1104,69,16,65.17,64.33,64.83,66.33,33.77819753,33.34281797,33.60197247,34.37943597
2019-04-05 07:42:48.540,Gabriel-01,FR0000120628,AXA,FR,FINANCIAL SERVICES,INSURANCE,MULTI-LINE INSURANCE,0.058685,2130,125,25,5,65.5,60,66.83,69.67,3.8438675,3.5211,3.92191855,4.08858395
2019-04-05 15:04:43.600,Laurie-01,FR0010313833,ARKEMA,FR,MATERIALS & PROCESSING,CHEMICALS & SYNTHETICS,DIVERSIFIED CHEMICALS,0.000000,2040,0,0,6,62.78,61.33,61,66,0,0,0,0
2019-04-05 15:26:08.824,Laurie-01,FR0010208488,ENGIE,FR,UTILITIES,UTILITIES,MISCELLANEOUS UTILITIES,1.000000,2040,2040,204,10,62.17,59.33,64.17,63,62.17,59.33,64.17,63
2019-04-05 11:11:59.208,Denise-02,FR0000073272,SAFRAN,FR,PRODUCER DURABLES,TRANSPORTATION & FREIGHT,AEROSPACE,0.000000,1820,0,0,12,58.22,59.33,60,55.33,0,0,0,0
2019-04-05 11:26:52.988,Denise-02,FR0010220475,ALSTOM,FR,PRODUCER DURABLES,MANUFACTURING & PRODUCTION,POWER TRANSMISSION EQUIPMENT,1.000000,1820,1820,140,13,62.39,67.33,62.5,57.33,62.39,67.33,62.5,57.33
2019-04-05 08:17:15.904,Denise-03,FR0012757854,SPIE,FR,PRODUCER DURABLES,COMMERCIAL SERVICES,ENGINEERING & CONTRACTING,0.000000,1724,0,0,12,58.56,55,54.33,66.33,0,0,0,0
2019-04-05 08:23:04.110,Denise-03,FR0000130395,REMY COINTREAU,FR,CONSUMER STAPLES,FOOD,BREWERS AND BEVERAGE DISTRIBUTION,0.009280,1724,16,1,16,56.33,56.33,56.33,56.33,0.5227424,0.5227424,0.5227424,0.5227424
2019-04-05 08:26:45.636,Denise-03,FR0010220475,ALSTOM,FR,PRODUCER DURABLES,MANUFACTURING & PRODUCTION,POWER TRANSMISSION EQUIPMENT,0.990719,1724,1708,122,14,62.39,67.33,62.5,57.33,61.81095841,66.70511027,61.9199375,56.79792027
2019-04-05 08:22:57.028,Anna-00,FR0000120644,DANONE,FR,CONSUMER STAPLES,FOOD,FOOD,0.000000,1624,0,0,14,65.11,66,61.67,67.67,0,0,0,0
2019-04-05 08:28:22.236,Anna-00,FR0000131104,BNP PARIBAS ACT.A,FR,FINANCIAL SERVICES,BANKS,DIVERSIFIED BANKS,1.000000,1624,1624,116,14,63.5,61,65.83,63.67,63.5,61,65.83,63.67
2019-04-05 07:58:40.222,Pauline-03,FR0000120404,ACCOR,FR,CONSUMER DISCRETIONARY,LEISURE,HOTELS & MOTELS,0.000000,1532,0,0,10,62.33,61.67,60.33,65,0,0,0,0
2019-04-05 08:15:57.696,Pauline-03,FR0000120628,AXA,FR,FINANCIAL SERVICES,INSURANCE,MULTI-LINE INSURANCE,0.027415,1532,42,3,14,65.5,60,66.83,69.67,1.7956825,1.6449,1.83214445,1.91000305
2019-04-05 08:15:56.756,Pauline-03,FR0000120693,PERNOD RICARD,FR,CONSUMER STAPLES,FOOD,BREWERS AND BEVERAGE DISTRIBUTION,0.258485,1532,396,36,11,64.22,64,63,65.67,16.5999067,16.54304,16.284555,16.97470995
2019-04-05 08:15:24.828,Pauline-03,FR0010040865,GECINA,FR,FINANCIAL SERVICES,REAL ESTATE INVESTMENT TRUSTS,OFFICE REIT,0.011749,1532,18,3,6,65.44,67.33,61.33,67.67,0.76885456,0.79106017,0.72056617,0.79505483
2019-04-05 08:15:56.004,Pauline-03,FR0000120644,DANONE,FR,CONSUMER STAPLES,FOOD,FOOD,0.000000,1532,0,0,8,65.11,66,61.67,67.67,0,0,0,0
2019-04-05 08:15:57.226,Pauline-03,FR0000120172,CARREFOUR,FR,CONSUMER STAPLES,PERSONAL CARE DRUGS & GROCERY,DRUG & GROCERY CHAINS,0.023498,1532,36,4,9,63.83,62.67,64.17,64.67,1.49987734,1.47261966,1.50786666,1.51961566
2019-04-05 07:50:00.844,Pauline-03,FR0010313833,ARKEMA,FR,MATERIALS & PROCESSING,CHEMICALS & SYNTHETICS,DIVERSIFIED CHEMICALS,0.652741,1532,1000,100,10,62.78,61.33,61,66,40.97907998,40.03260553,39.817201,43.080906
2019-04-05 07:58:41.538,Pauline-03,FR0000120321,L'OREAL,FR,CONSUMER DISCRETIONARY,CONSUMER PRODUCT,COSMETICS,0.026109,1532,40,4,10,69.61,70.67,69.5,68.67,1.81744749,1.84512303,1.8145755,1.79290503
2019-04-05 12:40:33.224,Adele-00,FR0000121709,S.E.B.,FR,CONSUMER DISCRETIONARY,CONSUMER PRODUCT,HOUSEHOLD EQUIPMENT,1.000000,1507,1507,137,11,61.61,59,62.83,63,61.61,59,62.83,63
2019-04-05 12:33:54.510,Adele-00,FR0012435121,ELIS,FR,CONSUMER DISCRETIONARY,CONSUMER SERVICES,CONSUMER RENTAL & LEASE SERVICES,0.000000,1507,0,0,7,57.5,59,49.17,64.33,0,0,0,0
2019-04-05 07:45:14.176,Nicolas-00,FR0010220475,ALSTOM,FR,PRODUCER DURABLES,MANUFACTURING & PRODUCTION,POWER TRANSMISSION EQUIPMENT,0.000000,1254,0,0,8,62.39,67.33,62.5,57.33,0,0,0,0
2019-04-05 08:54:32.436,Nicolas-00,FR0000120644,DANONE,FR,CONSUMER STAPLES,FOOD,FOOD,1.000000,1254,1254,114,11,65.11,66,61.67,67.67,65.11,66,61.67,67.67
2019-04-05 08:46:38.302,Nicolas-00,FR0010307819,LEGRAND,FR,PRODUCER DURABLES,SCIENTIFIC INSTRUMENTS & SERVICES,SCIENCTIFIC INSTRUMENTS ELECTRICAL,0.000000,1254,0,0,16,65.17,64.33,64.83,66.33,0,0,0,0
2019-04-05 07:37:51.344,Beatrice-01,FR0011981968,WORLDLINE,FR,TECHNOLOGY,INFORMATION TECHNOLOGY,COMPUTER SERVICES SOFTWARE & SYSTEMS,1.000000,1209,1209,93,13,65.28,71,61.83,63,65.28,71,61.83,63
2019-04-05 07:35:51.964,Beatrice-01,FR0000121964,KLEPIERRE,FR,FINANCIAL SERVICES,REAL ESTATE INVESTMENT TRUSTS,RETAIL REIT,0.000000,1209,0,0,14,61.94,63.33,59.17,63.33,0,0,0,0
2019-04-05 07:31:12.974,Nicolas-03,FR0010307819,LEGRAND,FR,PRODUCER DURABLES,SCIENTIFIC INSTRUMENTS & SERVICES,SCIENCTIFIC INSTRUMENTS ELECTRICAL,1.000000,1156,1156,68,17,65.17,64.33,64.83,66.33,65.17,64.33,64.83,66.33
2019-04-05 07:25:04.558,Nicolas-03,FR0010220475,ALSTOM,FR,PRODUCER DURABLES,MANUFACTURING & PRODUCTION,POWER TRANSMISSION EQUIPMENT,0.000000,1156,0,0,14,62.39,67.33,62.5,57.33,0,0,0,0
2019-04-05 09:01:07.704,Pauline-02,FR0012757854,SPIE,FR,PRODUCER DURABLES,COMMERCIAL SERVICES,ENGINEERING & CONTRACTING,0.000000,1120,0,0,9,58.56,55,54.33,66.33,0,0,0,0
2019-04-05 09:09:40.472,Pauline-02,FR0010313833,ARKEMA,FR,MATERIALS & PROCESSING,CHEMICALS & SYNTHETICS,DIVERSIFIED CHEMICALS,1.000000,1120,1120,112,10,62.78,61.33,61,66,62.78,61.33,61,66
2019-04-05 07:24:53.686,Pauline-04,FR0010307819,LEGRAND,FR,PRODUCER DURABLES,SCIENTIFIC INSTRUMENTS & SERVICES,SCIENCTIFIC INSTRUMENTS ELECTRICAL,1.000000,1024,1024,64,16,65.17,64.33,64.83,66.33,65.17,64.33,64.83,66.33
2019-04-05 07:19:51.884,Pauline-04,FR0012757854,SPIE,FR,PRODUCER DURABLES,COMMERCIAL SERVICES,ENGINEERING & CONTRACTING,0.000000,1024,0,0,9,58.56,55,54.33,66.33,0,0,0,0
2019-04-05 07:06:25.274,Franck-03,FR0000071946,ALTEN,FR,TECHNOLOGY,INFORMATION TECHNOLOGY,COMPUTER SERVICES SOFTWARE & SYSTEMS,0.000000,1001,0,0,13,61.11,64.33,63,56,0,0,0,0
2019-04-05 07:11:17.456,Franck-03,FR0000125338,CAPGEMINI,FR,TECHNOLOGY,INFORMATION TECHNOLOGY,COMPUTER SERVICES SOFTWARE & SYSTEMS,1.000000,1001,1001,77,13,60.83,58.33,61.83,62.33,60.83,58.33,61.83,62.33
2019-04-05 07:06:03.058,Denise-00,FR0010220475,ALSTOM,FR,PRODUCER DURABLES,MANUFACTURING & PRODUCTION,POWER TRANSMISSION EQUIPMENT,1.000000,994,994,71,14,62.39,67.33,62.5,57.33,62.39,67.33,62.5,57.33
2019-04-05 07:00:36.190,Gabriel-04,FR0010307819,LEGRAND,FR,PRODUCER DURABLES,SCIENTIFIC INSTRUMENTS & SERVICES,SCIENCTIFIC INSTRUMENTS ELECTRICAL,1.000000,990,990,55,18,65.17,64.33,64.83,66.33,65.17,64.33,64.83,66.33
2019-04-05 07:01:19.242,Beatrice-02,FR0000121964,KLEPIERRE,FR,FINANCIAL SERVICES,REAL ESTATE INVESTMENT TRUSTS,RETAIL REIT,1.000000,990,990,90,11,61.94,63.33,59.17,63.33,61.94,63.33,59.17,63.33
2019-04-05 07:07:13.558,Franck-04,FR0000071946,ALTEN,FR,TECHNOLOGY,INFORMATION TECHNOLOGY,COMPUTER SERVICES SOFTWARE & SYSTEMS,1.000000,988,988,76,13,61.11,64.33,63,56,61.11,64.33,63,56
2019-04-05 07:03:18.246,Adele-04,FR0000121709,S.E.B.,FR,CONSUMER DISCRETIONARY,CONSUMER PRODUCT,HOUSEHOLD EQUIPMENT,1.000000,988,988,52,19,61.61,59,62.83,63,61.61,59,62.83,63
2019-04-05 07:00:28.952,Laurie-00,FR0000052292,HERMES INTL,FR,NOT CLASSIFIED,NOT CLASSIFIED,NOT CLASSIFIED,1.000000,986,986,58,17,53.67,53,52,56,53.67,53,52,56
2019-04-05 07:04:33.978,Nicolas-01,FR0010220475,ALSTOM,FR,PRODUCER DURABLES,MANUFACTURING & PRODUCTION,POWER TRANSMISSION EQUIPMENT,0.000000,890,0,0,14,62.39,67.33,62.5,57.33,0,0,0,0
2019-04-05 07:10:35.720,Nicolas-01,FR0000121329,THALES,FR,PRODUCER DURABLES,TRANSPORTATION & FREIGHT,AEROSPACE,1.000000,890,890,89,10,61.89,64.67,62,59,61.89,64.67,62,59
2019-04-05 07:52:58.064,Anna-04,FR0000131104,BNP PARIBAS ACT.A,FR,FINANCIAL SERVICES,BANKS,DIVERSIFIED BANKS,0.030927,776,24,2,12,63.5,61,65.83,63.67,1.9638645,1.886547,2.03592441,1.96912209
2019-04-05 07:47:55.730,Anna-04,FR0010040865,GECINA,FR,FINANCIAL SERVICES,REAL ESTATE INVESTMENT TRUSTS,OFFICE REIT,0.000000,776,0,0,13,65.44,67.33,61.33,67.67,0,0,0,0
2019-04-05 07:52:57.594,Anna-04,FR0000120644,DANONE,FR,CONSUMER STAPLES,FOOD,FOOD,0.144329,776,112,8,14,65.11,66,61.67,67.67,9.39726119,9.525714,8.90076943,9.76674343
2019-04-05 07:20:52.608,Anna-04,FR0000120321,L'OREAL,FR,CONSUMER DISCRETIONARY,CONSUMER PRODUCT,COSMETICS,0.824742,776,640,40,16,69.61,70.67,69.5,68.67,57.41029062,58.28451714,57.319569,56.63503314
2019-04-05 07:52:57.218,Anna-04,FR0010307819,LEGRAND,FR,PRODUCER DURABLES,SCIENTIFIC INSTRUMENTS & SERVICES,SCIENCTIFIC INSTRUMENTS ELECTRICAL,0.000000,776,0,0,12,65.17,64.33,64.83,66.33,0,0,0,0
2019-04-05 09:10:12.276,Anna-01,FR0011981968,WORLDLINE,FR,TECHNOLOGY,INFORMATION TECHNOLOGY,COMPUTER SERVICES SOFTWARE & SYSTEMS,0.000000,733,0,0,9,65.28,71,61.83,63,0,0,0,0
2019-04-05 09:10:11.712,Anna-01,FR0000120172,CARREFOUR,FR,CONSUMER STAPLES,PERSONAL CARE DRUGS & GROCERY,DRUG & GROCERY CHAINS,0.024556,733,18,2,9,63.83,62.67,64.17,64.67,1.56740948,1.53892452,1.57575852,1.58803652
2019-04-05 09:01:54.924,Anna-01,FR0000120321,L'OREAL,FR,CONSUMER DISCRETIONARY,CONSUMER PRODUCT,COSMETICS,0.184174,733,135,15,9,69.61,70.67,69.5,68.67,12.82035214,13.01557658,12.800093,12.64722858
2019-04-05 12:39:38.140,Anna-01,FR0000120628,AXA,FR,FINANCIAL SERVICES,INSURANCE,MULTI-LINE INSURANCE,0.381991,733,280,40,7,65.5,60,66.83,69.67,25.0204105,22.91946,25.52845853,26.61331297
2019-04-05 09:05:15.958,Anna-01,FR0000120693,PERNOD RICARD,FR,CONSUMER STAPLES,FOOD,BREWERS AND BEVERAGE DISTRIBUTION,0.000000,733,0,0,12,64.22,64,63,65.67,0,0,0,0
2019-04-05 12:47:46.124,Anna-01,FR0010307819,LEGRAND,FR,PRODUCER DURABLES,SCIENTIFIC INSTRUMENTS & SERVICES,SCIENCTIFIC INSTRUMENTS ELECTRICAL,0.000000,733,0,0,12,65.17,64.33,64.83,66.33,0,0,0,0
2019-04-05 08:45:25.296,Anna-01,FR0000121972,SCHNEIDER ELECTRIC,FR,PRODUCER DURABLES,MANUFACTURING & PRODUCTION,POWER TRANSMISSION EQUIPMENT,0.409276,733,300,30,10,64.72,63.33,66.5,64.33,26.48834272,25.91944908,27.216854,26.32872508
2019-04-05 09:59:35.518,Denise-04,FR0012757854,SPIE,FR,PRODUCER DURABLES,COMMERCIAL SERVICES,ENGINEERING & CONTRACTING,0.000000,707,0,0,9,58.56,55,54.33,66.33,0,0,0,0
2019-04-05 15:26:02.526,Denise-04,FR0010220475,ALSTOM,FR,PRODUCER DURABLES,MANUFACTURING & PRODUCTION,POWER TRANSMISSION EQUIPMENT,1.000000,707,707,101,7,62.39,67.33,62.5,57.33,62.39,67.33,62.5,57.33
2019-04-05 09:55:43.308,Denise-04,FR0000121972,SCHNEIDER ELECTRIC,FR,PRODUCER DURABLES,MANUFACTURING & PRODUCTION,POWER TRANSMISSION EQUIPMENT,0.000000,707,0,0,13,64.72,63.33,66.5,64.33,0,0,0,0
2019-04-05 07:53:05.240,Beatrice-00,FR0000045072,CREDIT AGRICOLE,FR,FINANCIAL SERVICES,BANKS,DIVERSIFIED BANKS,0.966767,662,640,40,16,59.72,55.67,66.17,57.33,57.73532524,53.81991889,63.97097239,55.42475211
2019-04-05 07:58:44.296,Beatrice-00,FR0011981968,WORLDLINE,FR,TECHNOLOGY,INFORMATION TECHNOLOGY,COMPUTER SERVICES SOFTWARE & SYSTEMS,0.033232,662,22,2,11,65.28,71,61.83,63,2.16938496,2.359472,2.05473456,2.093616
2019-04-05 07:48:41.570,Beatrice-00,FR0000121964,KLEPIERRE,FR,FINANCIAL SERVICES,REAL ESTATE INVESTMENT TRUSTS,RETAIL REIT,0.000000,662,0,0,14,61.94,63.33,59.17,63.33,0,0,0,0
2019-04-05 07:57:32.324,Beatrice-00,FR0000131104,BNP PARIBAS ACT.A,FR,FINANCIAL SERVICES,BANKS,DIVERSIFIED BANKS,0.000000,662,0,0,7,63.5,61,65.83,63.67,0,0,0,0
2019-04-05 07:03:48.514,Adele-01,FR0012435121,ELIS,FR,CONSUMER DISCRETIONARY,CONSUMER SERVICES,CONSUMER RENTAL & LEASE SERVICES,0.000000,640,0,0,7,57.5,59,49.17,64.33,0,0,0,0
2019-04-05 07:22:14.200,Adele-01,FR0000120644,DANONE,FR,CONSUMER STAPLES,FOOD,FOOD,1.000000,640,640,64,10,65.11,66,61.67,67.67,65.11,66,61.67,67.67
2019-04-05 07:49:40.070,Anna-02,FR0000120321,L'OREAL,FR,CONSUMER DISCRETIONARY,CONSUMER PRODUCT,COSMETICS,0.468852,610,286,26,11,69.61,70.67,69.5,68.67,32.63678772,33.13377084,32.585214,32.19606684
2019-04-05 08:31:40.638,Anna-02,FR0011981968,WORLDLINE,FR,TECHNOLOGY,INFORMATION TECHNOLOGY,COMPUTER SERVICES SOFTWARE & SYSTEMS,0.078688,610,48,3,16,65.28,71,61.83,63,5.13675264,5.586848,4.86527904,4.957344
2019-04-05 09:44:54.774,Anna-02,FR0000121972,SCHNEIDER ELECTRIC,FR,PRODUCER DURABLES,MANUFACTURING & PRODUCTION,POWER TRANSMISSION EQUIPMENT,0.000000,610,0,0,10,64.72,63.33,66.5,64.33,0,0,0,0
2019-04-05 09:52:33.492,Anna-02,FR0010307819,LEGRAND,FR,PRODUCER DURABLES,SCIENTIFIC INSTRUMENTS & SERVICES,SCIENCTIFIC INSTRUMENTS ELECTRICAL,0.452459,610,276,23,12,65.17,64.33,64.83,66.33,29.48675303,29.10668747,29.33291697,30.01160547
2019-04-05 07:48:12.776,Anna-02,FR0000120644,DANONE,FR,CONSUMER STAPLES,FOOD,FOOD,0.000000,610,0,0,8,65.11,66,61.67,67.67,0,0,0,0
2019-04-05 08:35:24.638,Laurie-04,FR0010313833,ARKEMA,FR,MATERIALS & PROCESSING,CHEMICALS & SYNTHETICS,DIVERSIFIED CHEMICALS,0.000000,594,0,0,7,62.78,61.33,61,66,0,0,0,0
2019-04-05 08:53:25.884,Laurie-04,FR0010208488,ENGIE,FR,UTILITIES,UTILITIES,MISCELLANEOUS UTILITIES,0.959595,594,570,38,15,62.17,59.33,64.17,63,59.65802115,56.93277135,61.57721115,60.454485
2019-04-05 09:39:51.970,Laurie-04,FR0000120644,DANONE,FR,CONSUMER STAPLES,FOOD,FOOD,0.040404,594,24,3,8,65.11,66,61.67,67.67,2.63070444,2.666664,2.49171468,2.73413868
2019-04-05 08:51:39.790,Laurie-04,FR0000052292,HERMES INTL,FR,NOT CLASSIFIED,NOT CLASSIFIED,NOT CLASSIFIED,0.000000,594,0,0,8,53.67,53,52,56,0,0,0,0
2019-04-05 11:48:00.980,Nicolas-02,FR0000050809,SOPRA STERIA GROUP,FR,TECHNOLOGY,INFORMATION TECHNOLOGY,COMPUTER SERVICES SOFTWARE & SYSTEMS,0.000000,556,0,0,9,57.78,65.67,51.33,56.33,0,0,0,0
2019-04-05 11:41:09.230,Nicolas-02,FR0010040865,GECINA,FR,FINANCIAL SERVICES,REAL ESTATE INVESTMENT TRUSTS,OFFICE REIT,0.075539,556,42,3,14,65.44,67.33,61.33,67.67,4.94327216,5.08604087,4.63280687,5.11172413
2019-04-05 11:41:07.914,Nicolas-02,FR0011981968,WORLDLINE,FR,TECHNOLOGY,INFORMATION TECHNOLOGY,COMPUTER SERVICES SOFTWARE & SYSTEMS,0.000000,556,0,0,15,65.28,71,61.83,63,0,0,0,0
2019-04-05 11:47:06.836,Nicolas-02,FR0010340141,ADP,FR,PRODUCER DURABLES,TRANSPORTATION & FREIGHT,MISCELLANEOUS TRANSPORTATION,0.000000,556,0,0,9,63.5,65.67,63.83,61,0,0,0,0
2019-04-05 11:47:08.058,Nicolas-02,FR0000120321,L'OREAL,FR,CONSUMER DISCRETIONARY,CONSUMER PRODUCT,COSMETICS,0.187050,556,104,8,13,69.61,70.67,69.5,68.67,13.0205505,13.2188235,12.999975,12.8447235
2019-04-05 11:49:29.746,Nicolas-02,FR0010307819,LEGRAND,FR,PRODUCER DURABLES,SCIENTIFIC INSTRUMENTS & SERVICES,SCIENCTIFIC INSTRUMENTS ELECTRICAL,0.000000,556,0,0,11,65.17,64.33,64.83,66.33,0,0,0,0
2019-04-05 11:47:06.366,Nicolas-02,FR0000120644,DANONE,FR,CONSUMER STAPLES,FOOD,FOOD,0.000000,556,0,0,7,65.11,66,61.67,67.67,0,0,0,0
2019-04-05 11:50:38.774,Nicolas-02,FR0010220475,ALSTOM,FR,PRODUCER DURABLES,MANUFACTURING & PRODUCTION,POWER TRANSMISSION EQUIPMENT,0.107913,556,60,5,12,62.39,67.33,62.5,57.33,6.73269207,7.26578229,6.7445625,6.18665229
2019-04-05 11:47:07.588,Nicolas-02,FR0010242511,EDF,FR,UTILITIES,UTILITIES,ELECTRICAL UTILITIES,0.629496,556,350,25,14,60.17,66.67,61.5,52.33,37.87677432,41.96849832,38.714004,32.94152568
2019-04-05 14:06:46.930,Franck-02,FR0000050809,SOPRA STERIA GROUP,FR,TECHNOLOGY,INFORMATION TECHNOLOGY,COMPUTER SERVICES SOFTWARE & SYSTEMS,0.000000,552,0,0,9,57.78,65.67,51.33,56.33,0,0,0,0
2019-04-05 14:05:54.166,Franck-02,FR0011981968,WORLDLINE,FR,TECHNOLOGY,INFORMATION TECHNOLOGY,COMPUTER SERVICES SOFTWARE & SYSTEMS,0.913043,552,504,42,12,65.28,71,61.83,63,59.60344704,64.826053,56.45344869,57.521709
2019-04-05 14:05:53.790,Franck-02,FR0000071946,ALTEN,FR,TECHNOLOGY,INFORMATION TECHNOLOGY,COMPUTER SERVICES SOFTWARE & SYSTEMS,0.000000,552,0,0,8,61.11,64.33,63,56,0,0,0,0
2019-04-05 11:43:41.102,Franck-02,FR0000125338,CAPGEMINI,FR,TECHNOLOGY,INFORMATION TECHNOLOGY,COMPUTER SERVICES SOFTWARE & SYSTEMS,0.000000,552,0,0,7,60.83,58.33,61.83,62.33,0,0,0,0
2019-04-05 14:12:43.252,Franck-02,FR0000054470,UBISOFT ENTERTAIN,FR,TECHNOLOGY,INFORMATION TECHNOLOGY,ELECTRONIC ENTERTAINMENT,0.086956,552,48,6,8,56,57.67,55.67,54.67,4.869536,5.01475252,4.84084052,4.75388452
2019-04-05 07:18:38.408,Gabriel-03,FR0000131104,BNP PARIBAS ACT.A,FR,FINANCIAL SERVICES,BANKS,DIVERSIFIED BANKS,1.000000,546,546,91,6,63.5,61,65.83,63.67,63.5,61,65.83,63.67
2019-04-05 09:29:40.722,Paul-01,FR0000051807,TELEPERFORMANCE,FR,CONSUMER DISCRETIONARY,MEDIA,ADVERTIING AGENCIES,0.691743,545,377,29,13,56.72,54,52.83,63.33,39.23566296,37.354122,36.54478269,43.80808419
2019-04-05 09:27:29.780,Paul-01,FR0000125486,VINCI,FR,PRODUCER DURABLES,MANUFACTURING & PRODUCTION,CONSTRUCTION,0.308256,545,168,28,6,62.56,62.67,61.67,63.33,19.28449536,19.31840352,19.01014752,19.52185248
2019-04-05 09:27:29.404,Paul-01,FR0000133308,ORANGE,FR,UTILITIES,UTILITIES,TELECOMMUNICATION UTILITIES,0.000000,545,0,0,7,60.56,55,67.67,59,0,0,0,0
2019-04-05 07:20:33.306,Alain-04,FR0000052292,HERMES INTL,FR,NOT CLASSIFIED,NOT CLASSIFIED,NOT CLASSIFIED,1.000000,540,540,30,18,53.67,53,52,56,53.67,53,52,56
2019-04-05 07:34:09.380,Pauline-01,FR0000120404,ACCOR,FR,CONSUMER DISCRETIONARY,LEISURE,HOTELS & MOTELS,0.000000,440,0,0,18,62.33,61.67,60.33,65,0,0,0,0
2019-04-05 08:13:08.278,Pauline-01,FR0000120321,L'OREAL,FR,CONSUMER DISCRETIONARY,CONSUMER PRODUCT,COSMETICS,0.000000,440,0,0,7,69.61,70.67,69.5,68.67,0,0,0,0
2019-04-05 08:09:55.766,Pauline-01,FR0010313833,ARKEMA,FR,MATERIALS & PROCESSING,CHEMICALS & SYNTHETICS,DIVERSIFIED CHEMICALS,1.000000,440,440,55,8,62.78,61.33,61,66,62.78,61.33,61,66
2019-04-05 15:11:47.882,Franck-00,FR0000054470,UBISOFT ENTERTAIN,FR,TECHNOLOGY,INFORMATION TECHNOLOGY,ELECTRONIC ENTERTAINMENT,1.000000,408,408,68,6,56,57.67,55.67,54.67,56,57.67,55.67,54.67
2019-04-05 08:03:12.226,Gabriel-00,FR0000121972,SCHNEIDER ELECTRIC,FR,PRODUCER DURABLES,MANUFACTURING & PRODUCTION,POWER TRANSMISSION EQUIPMENT,1.000000,210,210,15,14,64.72,63.33,66.5,64.33,64.72,63.33,66.5,64.33
2019-04-05 08:02:39.922,Gabriel-00,FR0000133308,ORANGE,FR,UTILITIES,UTILITIES,TELECOMMUNICATION UTILITIES,0.000000,210,0,0,15,60.56,55,67.67,59,0,0,0,0
2019-04-05 08:27:28.938,Gabriel-00,FR0010307819,LEGRAND,FR,PRODUCER DURABLES,SCIENTIFIC INSTRUMENTS & SERVICES,SCIENCTIFIC INSTRUMENTS ELECTRICAL,0.000000,210,0,0,13,65.17,64.33,64.83,66.33,0,0,0,0
2019-04-05 07:33:03.142,Gabriel-02,FR0000045072,CREDIT AGRICOLE,FR,FINANCIAL SERVICES,BANKS,DIVERSIFIED BANKS,0.000000,200,0,0,8,59.72,55.67,66.17,57.33,0,0,0,0
2019-04-05 08:14:19.184,Gabriel-02,FR0000121972,SCHNEIDER ELECTRIC,FR,PRODUCER DURABLES,MANUFACTURING & PRODUCTION,POWER TRANSMISSION EQUIPMENT,1.000000,200,200,40,5,64.72,63.33,66.5,64.33,64.72,63.33,66.5,64.33
2019-04-05 07:17:54.072,Laurie-02,FR0010313833,ARKEMA,FR,MATERIALS & PROCESSING,CHEMICALS & SYNTHETICS,DIVERSIFIED CHEMICALS,0.000000,192,0,0,12,62.78,61.33,61,66,0,0,0,0
2019-04-05 08:13:06.492,Laurie-02,FR0000120578,SANOFI,FR,HEALTH CARE SERVICES,PHARMACEUTICALS,PHARMACEUTICALS,0.729166,192,140,14,10,62.06,60.67,65.17,60.33,45.25204196,44.23850122,47.51974822,43.99058478
2019-04-05 07:48:43.544,Laurie-02,FR0000052292,HERMES INTL,FR,NOT CLASSIFIED,NOT CLASSIFIED,NOT CLASSIFIED,0.000000,192,0,0,8,53.67,53,52,56,0,0,0,0
2019-04-05 08:13:06.962,Laurie-02,FR0000120271,TOTALENERGIES,FR,ENERGY,NON-RENEWABLE ENERGY,INTEGRATED OIL,0.270833,192,52,4,13,63.28,64,64.83,61,17.13831224,17.333312,17.55810339,16.520813
2019-04-05 08:13:06.116,Laurie-02,FR0010208488,ENGIE,FR,UTILITIES,UTILITIES,MISCELLANEOUS UTILITIES,0.000000,192,0,0,8,62.17,59.33,64.17,63,0,0,0,0
2019-04-05 09:39:11.048,Paul-03,FR0010313833,ARKEMA,FR,MATERIALS & PROCESSING,CHEMICALS & SYNTHETICS,DIVERSIFIED CHEMICALS,1.000000,182,182,26,7,62.78,61.33,61,66,62.78,61.33,61,66
2019-04-05 09:47:22.886,Paul-03,FR0000133308,ORANGE,FR,UTILITIES,UTILITIES,TELECOMMUNICATION UTILITIES,0.000000,182,0,0,7,60.56,55,67.67,59,0,0,0,0
2019-04-05 07:48:28.692,Paul-03,FR0000125486,VINCI,FR,PRODUCER DURABLES,MANUFACTURING & PRODUCTION,CONSTRUCTION,0.000000,182,0,0,12,62.56,62.67,61.67,63.33,0,0,0,0
2019-04-05 07:09:33.148,Alain-01,FR0000121485,KERING,FR,CONSUMER DISCRETIONARY,CONSUMER PRODUCT,TEXTILE APPAREL & SHOES,0.045454,176,8,1,8,59.94,59.33,61.17,59.33,2.72451276,2.69678582,2.78042118,2.69678582
2019-04-05 08:10:45.806,Alain-01,FR0000052292,HERMES INTL,FR,NOT CLASSIFIED,NOT CLASSIFIED,NOT CLASSIFIED,0.954545,176,168,28,6,53.67,53,52,56,51.23043015,50.590885,49.63634,53.45452
2019-04-05 07:32:09.374,Alain-02,FR0000052292,HERMES INTL,FR,NOT CLASSIFIED,NOT CLASSIFIED,NOT CLASSIFIED,0.000000,40,0,0,14,53.67,53,52,56,0,0,0,0
2019-04-05 07:24:37.486,Alain-02,FR0000121485,KERING,FR,CONSUMER DISCRETIONARY,CONSUMER PRODUCT,TEXTILE APPAREL & SHOES,1.000000,40,40,8,5,59.94,59.33,61.17,59.33,59.94,59.33,61.17,59.33
2019-04-05 07:07:36.306,Adele-02,FR0000130403,CHRISTIAN DIOR,FR,CONSUMER DISCRETIONARY,CONSUMER PRODUCT,TEXTILE APPAREL & SHOES,1.000000,40,40,10,4,57.22,58,61,52.67,57.22,58,61,52.67
2019-04-05 07:26:00.018,Paul-00,FR0000133308,ORANGE,FR,UTILITIES,UTILITIES,TELECOMMUNICATION UTILITIES,0.000000,0,0,0,16,60.56,55,67.67,59,0,0,0,0
2019-04-05 14:32:00.418,Paul-04,FR0000125486,VINCI,FR,PRODUCER DURABLES,MANUFACTURING & PRODUCTION,CONSTRUCTION,0.000000,0,0,0,9,62.56,62.67,61.67,63.33,0,0,0,0
2019-04-05 14:10:57.846,Paul-04,FR0000133308,ORANGE,FR,UTILITIES,UTILITIES,TELECOMMUNICATION UTILITIES,0.000000,0,0,0,16,60.56,55,67.67,59,0,0,0,0
2019-04-05 09:58:39.776,Franck-01,FR0000054470,UBISOFT ENTERTAIN,FR,TECHNOLOGY,INFORMATION TECHNOLOGY,ELECTRONIC ENTERTAINMENT,0.000000,0,0,0,13,56,57.67,55.67,54.67,0,0,0,0
2019-04-05 11:10:27.402,Franck-01,FR0000051732,ATOS,FR,TECHNOLOGY,INFORMATION TECHNOLOGY,COMPUTER SERVICES SOFTWARE & SYSTEMS,0.000000,0,0,0,17,60.78,55.67,63.67,63,0,0,0,0
2019-04-05 14:46:15.062,Paul-04,FR0000120073,AIR LIQUIDE,FR,MATERIALS & PROCESSING,CHEMICALS & SYNTHETICS,SPECIALTY CHEMICALS,0.000000,0,0,0,7,61.78,59.67,62,63.67,0,0,0,0
2019-04-05 10:05:35.662,Franck-01,FR0011981968,WORLDLINE,FR,TECHNOLOGY,INFORMATION TECHNOLOGY,COMPUTER SERVICES SOFTWARE & SYSTEMS,0.000000,0,0,0,8,65.28,71,61.83,63,0,0,0,0
2019-04-05 08:11:24.658,Paul-00,FR0000051807,TELEPERFORMANCE,FR,CONSUMER DISCRETIONARY,MEDIA,ADVERTIING AGENCIES,0.000000,0,0,0,10,56.72,54,52.83,63.33,0,0,0,0
2019-04-05 07:50:47.530,Nicolas-04,FR0000121329,THALES,FR,PRODUCER DURABLES,TRANSPORTATION & FREIGHT,AEROSPACE,0.000000,0,0,0,15,61.89,64.67,62,59,0,0,0,0
2019-04-05 08:14:05.366,Nicolas-04,FR0010220475,ALSTOM,FR,PRODUCER DURABLES,MANUFACTURING & PRODUCTION,POWER TRANSMISSION EQUIPMENT,0.000000,0,0,0,9,62.39,67.33,62.5,57.33,0,0,0,0
2019-04-07 15:28:18.074,Idiot-03,FR0000071946,ALTEN,FR,TECHNOLOGY,INFORMATION TECHNOLOGY,COMPUTER SERVICES SOFTWARE & SYSTEMS,-0.042961,-43341,1862,133,14,61.11,64.33,63,56,-2.62534671,-2.76368113,-2.706543,-2.405816
2019-04-07 15:29:54.518,Idiot-03,FR0000131906,RENAULT,FR,CONSUMER DISCRETIONARY,AUTO MOBILES,AUTO MOBILES,0.821485,-43341,-35604,-2967,12,60,63.67,62.33,54,49.2891,52.30394995,51.20316005,44.36019
2019-04-07 15:26:29.974,Idiot-03,FR0006174348,BUREAU VERITAS,FR,PRODUCER DURABLES,COMMERCIAL SERVICES,BACK OFFICE HR & CONSULTANT,0.002538,-43341,-110,-22,5,55.89,54.33,53,60.33,0.14184882,0.13788954,0.134514,0.15311754
2019-04-07 15:26:51.030,Idiot-03,FR0000121147,FAURECIA,FR,CONSUMER DISCRETIONARY,AUTO MOBILES,AUTO PARTS,-0.936526,-43341,40590,3690,11,52.89,50.67,56.67,51.33,-49.53286014,-47.45377242,-53.07292842,-48.07187958
2019-04-07 15:29:34.872,Idiot-03,FR0010340141,ADP,FR,PRODUCER DURABLES,TRANSPORTATION & FREIGHT,MISCELLANEOUS TRANSPORTATION,-0.165270,-43341,7163,551,13,63.5,65.67,63.83,61,-10.494645,-10.8532809,-10.5491841,-10.08147
2019-04-07 15:28:40.164,Idiot-03,FR0011981968,WORLDLINE,FR,TECHNOLOGY,INFORMATION TECHNOLOGY,COMPUTER SERVICES SOFTWARE & SYSTEMS,0.159202,-43341,-6900,-690,10,65.28,71,61.83,63,10.39270656,11.303342,9.84345966,10.029726
2019-04-07 15:28:44.488,Idiot-03,FR0000121485,KERING,FR,CONSUMER DISCRETIONARY,CONSUMER PRODUCT,TEXTILE APPAREL & SHOES,-0.040608,-43341,1760,160,11,59.94,59.33,61.17,59.33,-2.43404352,-2.40927264,-2.48399136,-2.40927264
2019-04-07 15:28:15.536,Idiot-03,FR0010208488,ENGIE,FR,UTILITIES,UTILITIES,MISCELLANEOUS UTILITIES,-0.108673,-43341,4710,471,10,62.17,59.33,64.17,63,-6.75620041,-6.44756909,-6.97354641,-6.846399
2019-04-07 15:29:46.998,Idiot-03,FR0000130403,CHRISTIAN DIOR,FR,CONSUMER DISCRETIONARY,CONSUMER PRODUCT,TEXTILE APPAREL & SHOES,-0.188320,-43341,8162,583,14,57.22,58,61,52.67,-10.7756704,-10.92256,-11.48752,-9.9188144
2019-04-07 15:26:49.338,Idiot-03,FR0000121014,LVMH,FR,CONSUMER DISCRETIONARY,CONSUMER PRODUCT,TEXTILE APPAREL & SHOES,0.635149,-43341,-27528,-2294,12,58.83,61.67,60.5,54.33,37.36581567,39.16963883,38.4265145,34.50764517
2019-04-07 15:28:37.720,Idiot-03,FR0000124141,VEOLIA ENVIRON.,FR,UTILITIES,UTILITIES,MISCELLANEOUS UTILITIES,0.172354,-43341,-7470,-747,10,59.17,58.33,59.83,59.33,10.19818618,10.05340882,10.31193982,10.22576282
2019-04-07 15:26:28.282,Idiot-03,FR0010533075,GETLINK SE,FR,PRODUCER DURABLES,TRANSPORTATION & FREIGHT,RAILROADS,-0.299116,-43341,12964,926,14,58.83,57.33,59.17,60,-17.59699428,-17.14832028,-17.69869372,-17.94696
2019-04-07 15:26:11.174,Idiot-03,FR0000052292,HERMES INTL,FR,NOT CLASSIFIED,NOT CLASSIFIED,NOT CLASSIFIED,-0.050460,-43341,2187,243,9,53.67,53,52,56,-2.7081882,-2.67438,-2.62392,-2.82576
2019-04-07 15:27:02.592,Idiot-03,FR0000120578,SANOFI,FR,HEALTH CARE SERVICES,PHARMACEUTICALS,PHARMACEUTICALS,-0.810894,-43341,35145,3905,9,62.06,60.67,65.17,60.33,-50.32408164,-49.19693898,-52.84596198,-48.92123502
2019-04-07 15:29:39.478,Idiot-03,FR0000120628,AXA,FR,FINANCIAL SERVICES,INSURANCE,MULTI-LINE INSURANCE,-0.096975,-43341,4203,467,9,65.5,60,66.83,69.67,-6.3518625,-5.8185,-6.48083925,-6.75624825
2019-04-07 15:26:31.854,Idiot-03,FR0000121972,SCHNEIDER ELECTRIC,FR,PRODUCER DURABLES,MANUFACTURING & PRODUCTION,POWER TRANSMISSION EQUIPMENT,-0.470224,-43341,20380,1019,20,64.72,63.33,66.5,64.33,-30.43289728,-29.77928592,-31.269896,-30.24950992
2019-04-07 15:26:58.832,Idiot-03,FR0000130452,EIFFAGE,FR,PRODUCER DURABLES,MANUFACTURING & PRODUCTION,CONSTRUCTION,-0.134007,-43341,5808,484,12,57.83,55.67,60.17,57.67,-7.74962481,-7.46016969,-8.06320119,-7.72818369
2019-04-07 15:24:19.942,Idiot-03,FR0000121667,ESSILORLUXOTTICA,FR,HEALTH CARE SERVICES,MEDICAL EQUIPMENT & SERVICES,MEDICAL & DENTAL INSTRUMENTS,-0.079485,-43341,3445,265,13,61.17,57.67,62.17,63.67,-4.86209745,-4.58389995,-4.94158245,-5.06080995
2019-04-07 15:28:33.208,Idiot-03,FR0000121709,S.E.B.,FR,CONSUMER DISCRETIONARY,CONSUMER PRODUCT,HOUSEHOLD EQUIPMENT,-0.165270,-43341,7163,551,13,61.61,59,62.83,63,-10.1822847,-9.75093,-10.3839141,-10.41201
2019-04-07 15:27:09.862,Idiot-03,FR0000051807,TELEPERFORMANCE,FR,CONSUMER DISCRETIONARY,MEDIA,ADVERTIING AGENCIES,0.347246,-43341,-15050,-1075,14,56.72,54,52.83,63.33,19.69579312,18.751284,18.34500618,21.99108918
2019-04-07 15:25:56.448,Idiot-03,FR0000121121,EURAZEO,FR,FINANCIAL SERVICES,INVESTMENT BANKING & BROKERAGE,ASSET MANAGEMENT & CUSTODIAN,-0.161371,-43341,6994,538,13,60.06,63,55.17,62,-9.69194226,-10.166373,-8.90283807,-10.005002
2019-04-07 15:27:47.900,Idiot-03,FR0000125338,CAPGEMINI,FR,TECHNOLOGY,INFORMATION TECHNOLOGY,COMPUTER SERVICES SOFTWARE & SYSTEMS,-0.041392,-43341,1794,138,13,60.83,58.33,61.83,62.33,-2.51787536,-2.41439536,-2.55926736,-2.57996336
2019-04-07 15:26:01.774,Idiot-03,FR0000125007,SAINT GOBAIN,FR,MATERIALS & PROCESSING,BUILDING MATERIALS,BUILDING MATERIALS,0.274359,-43341,-11891,-1081,11,61.89,62,60,63.67,16.98007851,17.010258,16.46154,17.46843753
2019-04-07 15:24:40.622,Idiot-03,FR0000130809,SOCIETE GENERALE,FR,FINANCIAL SERVICES,BANKS,DIVERSIFIED BANKS,-0.271751,-43341,11778,906,13,61.22,59,64.33,60.33,-16.63659622,-16.033309,-17.48174183,-16.39473783
2019-04-07 15:28:42.608,Idiot-03,FR0000121204,WENDEL,FR,PRODUCER DURABLES,MANUFACTURING & PRODUCTION,DIVERSIFIED MANUFACTURING,-0.913961,-43341,39612,3301,12,49.61,49.67,51.17,48,-45.34160521,-45.39644287,-46.76738437,-43.870128
2019-04-07 15:26:34.956,Idiot-03,FR0000127771,VIVENDI SE,FR,CONSUMER DISCRETIONARY,MEDIA,RADIO & TELEVISION BROADCASTERS,-0.068087,-43341,2951,227,13,57.17,52.67,62.17,56.67,-3.89253379,-3.58614229,-4.23296879,-3.85849029
2019-04-07 15:28:12.340,Idiot-03,FR0012757854,SPIE,FR,PRODUCER DURABLES,COMMERCIAL SERVICES,ENGINEERING & CONTRACTING,0.128100,-43341,-5552,-347,16,58.56,55,54.33,66.33,7.501536,7.0455,6.959673,8.496873
2019-04-07 15:26:00.458,Idiot-03,FR0000120271,TOTALENERGIES,FR,ENERGY,NON-RENEWABLE ENERGY,INTEGRATED OIL,-0.031840,-43341,1380,69,20,63.28,64,64.83,61,-2.0148352,-2.03776,-2.0641872,-1.94224
2019-04-07 15:25:35.110,Idiot-03,FR0010259150,IPSEN,FR,HEALTH CARE SERVICES,PHARMACEUTICALS,PHARMACEUTICALS,-0.011444,-43341,496,31,16,58.28,55,57.83,62,-0.66695632,-0.62942,-0.66180652,-0.709528
2019-04-07 15:26:59.114,Idiot-03,FR0000050809,SOPRA STERIA GROUP,FR,TECHNOLOGY,INFORMATION TECHNOLOGY,COMPUTER SERVICES SOFTWARE & SYSTEMS,0.194780,-43341,-8442,-938,9,57.78,65.67,51.33,56.33,11.2543884,12.7912026,9.9980574,10.9719574
2019-04-07 15:26:43.698,Idiot-03,FR0010307819,LEGRAND,FR,PRODUCER DURABLES,SCIENTIFIC INSTRUMENTS & SERVICES,SCIENCTIFIC INSTRUMENTS ELECTRICAL,-0.041115,-43341,1782,594,3,65.17,64.33,64.83,66.33,-2.67946455,-2.64492795,-2.66548545,-2.72715795
2019-04-07 15:26:42.414,Idiot-03,FR0010040865,GECINA,FR,FINANCIAL SERVICES,REAL ESTATE INVESTMENT TRUSTS,OFFICE REIT,0.441268,-43341,-19125,-2125,9,65.44,67.33,61.33,67.67,28.87657792,29.71057444,27.06296644,29.86060556
2019-04-07 15:26:24.240,Idiot-03,FR0000131104,BNP PARIBAS ACT.A,FR,FINANCIAL SERVICES,BANKS,DIVERSIFIED BANKS,0.130176,-43341,-5642,-434,13,63.5,61,65.83,63.67,8.266176,7.940736,8.56948608,8.28830592
2019-04-07 15:28:45.616,Idiot-03,FR0000120644,DANONE,FR,CONSUMER STAPLES,FOOD,FOOD,0.098982,-43341,-4290,-390,11,65.11,66,61.67,67.67,6.44471802,6.532812,6.10421994,6.69811194
2019-04-07 15:30:02.696,Idiot-03,FR0010908533,EDENRED,FR,CONSUMER DISCRETIONARY,LEISURE,HOTELS & MOTELS,0.009136,-43341,-396,-44,9,57.94,59,56.5,58.33,0.52933984,0.539024,0.516184,0.53290288
2019-04-07 15:26:57.454,Idiot-03,FR0000120172,CARREFOUR,FR,CONSUMER STAPLES,PERSONAL CARE DRUGS & GROCERY,DRUG & GROCERY CHAINS,-0.021319,-43341,924,84,11,63.83,62.67,64.17,64.67,-1.36079177,-1.33606173,-1.36804023,-1.37869973
2019-04-07 15:25:58.860,Idiot-03,FR0000133308,ORANGE,FR,UTILITIES,UTILITIES,TELECOMMUNICATION UTILITIES,-0.109895,-43341,4763,433,11,60.56,55,67.67,59,-6.6552412,-6.044225,-7.43659465,-6.483805
2019-04-07 15:27:27.534,Idiot-03,FR0000184798,ORPEA,FR,HEALTH CARE SERVICES,HEALTH CARE SERVICES,HEALTH CARE FACILITIES,0.296855,-43341,-12866,-919,14,52.11,54.33,48.67,53.33,15.46911405,16.12813215,14.44793285,15.83127715
2019-04-07 15:29:01.784,Idiot-03,FR0000121220,SODEXO,FR,PRODUCER DURABLES,COMMERCIAL SERVICES,ENVIRONMENT MAINTENANCE & SECURITY,0.053044,-43341,-2299,-209,11,64.67,64.33,66,63.67,3.43035548,3.41232052,3.500904,3.37731148
2019-04-07 15:26:23.018,Idiot-03,FR0000045072,CREDIT AGRICOLE,FR,FINANCIAL SERVICES,BANKS,DIVERSIFIED BANKS,2.439722,-43341,-105740,-5287,20,59.72,55.67,66.17,57.33,145.70019784,135.81932374,161.43640474,139.86926226
2019-04-07 15:29:16.166,Idiot-03,FR0010220475,ALSTOM,FR,PRODUCER DURABLES,MANUFACTURING & PRODUCTION,POWER TRANSMISSION EQUIPMENT,0.245033,-43341,-10620,-708,15,62.39,67.33,62.5,57.33,15.28760887,16.49807189,15.3145625,14.04774189
2019-04-07 15:27:01.558,Idiot-03,FR0000039299,BOLLORE,FR,PRODUCER DURABLES,TRANSPORTATION & FREIGHT,MISCELLANEOUS TRANSPORTATION,-0.226852,-43341,9832,1229,8,56.94,59.67,57.83,53.33,-12.91695288,-13.53625884,-13.11885116,-12.09801716
2019-04-07 15:28:12.810,Idiot-03,FR0000054470,UBISOFT ENTERTAIN,FR,TECHNOLOGY,INFORMATION TECHNOLOGY,ELECTRONIC ENTERTAINMENT,0.007614,-43341,-330,-33,10,56,57.67,55.67,54.67,0.426384,0.43909938,0.42387138,0.41625738
2019-04-07 15:26:32.982,Idiot-03,FR0000073272,SAFRAN,FR,PRODUCER DURABLES,TRANSPORTATION & FREIGHT,AEROSPACE,0.740915,-43341,-32112,-2676,12,58.22,59.33,60,55.33,43.1360713,43.95848695,44.4549,40.99482695
2019-04-07 15:28:01.906,Idiot-03,FR0000125486,VINCI,FR,PRODUCER DURABLES,MANUFACTURING & PRODUCTION,CONSTRUCTION,0.245056,-43341,-10621,-817,13,62.56,62.67,61.67,63.33,15.33070336,15.35765952,15.11260352,15.51939648
2019-04-07 15:26:25.494,Idiot-03,FR0010411983,SCOR SE,FR,FINANCIAL SERVICES,INSURANCE,MULTI-LINE INSURANCE,-0.037101,-43341,1608,134,12,55.11,50.33,58,57,-2.04463611,-1.86729333,-2.151858,-2.114757
2019-04-07 15:26:25.932,Idiot-03,FR0012435121,ELIS,FR,CONSUMER DISCRETIONARY,CONSUMER SERVICES,CONSUMER RENTAL & LEASE SERVICES,-0.812856,-43341,35230,2710,13,57.5,59,49.17,64.33,-46.73922,-47.958504,-39.96812952,-52.29102648
2019-04-07 15:26:27.248,Idiot-03,FR0000120693,PERNOD RICARD,FR,CONSUMER STAPLES,FOOD,BREWERS AND BEVERAGE DISTRIBUTION,0.187997,-43341,-8148,-679,12,64.22,64,63,65.67,12.07316734,12.031808,11.843811,12.34576299
2019-04-07 15:28:10.178,Idiot-03,FR0000121329,THALES,FR,PRODUCER DURABLES,TRANSPORTATION & FREIGHT,AEROSPACE,0.153941,-43341,-6672,-417,16,61.89,64.67,62,59,9.52740849,9.95536447,9.544342,9.082519
2019-04-07 15:30:00.722,Idiot-03,FR0010451203,REXEL,FR,CONSUMER DISCRETIONARY,CONSUMER PRODUCT,CONSUMER ELECTRONICS,-0.017766,-43341,770,55,14,60.94,57,60.17,65.67,-1.08266004,-1.012662,-1.06898022,-1.16669322
2019-04-07 15:29:48.220,Idiot-03,FR0000120321,L'OREAL,FR,CONSUMER DISCRETIONARY,CONSUMER PRODUCT,COSMETICS,-0.085923,-43341,3724,266,14,69.61,70.67,69.5,68.67,-5.98110003,-6.07217841,-5.9716485,-5.90033241
2019-04-07 15:26:34.580,Idiot-03,FR0010242511,EDF,FR,UTILITIES,UTILITIES,ELECTRICAL UTILITIES,0.208763,-43341,-9048,-754,12,60.17,66.67,61.5,52.33,12.56126971,13.91822921,12.8389245,10.92456779
2019-04-07 15:28:24.090,Idiot-03,FR0000120404,ACCOR,FR,CONSUMER DISCRETIONARY,LEISURE,HOTELS & MOTELS,-0.132115,-43341,5726,409,14,62.33,61.67,60.33,65,-8.23472795,-8.14753205,-7.97049795,-8.587475
2019-04-07 15:28:11.588,Idiot-03,FR0000121964,KLEPIERRE,FR,FINANCIAL SERVICES,REAL ESTATE INVESTMENT TRUSTS,RETAIL REIT,-0.290717,-43341,12600,1260,10,61.94,63.33,59.17,63.33,-18.00701098,-18.41110761,-17.20172489,-18.41110761
2019-04-07 15:28:05.854,Idiot-03,FR0010313833,ARKEMA,FR,MATERIALS & PROCESSING,CHEMICALS & SYNTHETICS,DIVERSIFIED CHEMICALS,0.115548,-43341,-5008,-313,16,62.78,61.33,61,66,7.25410344,7.08655884,7.048428,7.626168
2019-04-07 15:26:35.614,Idiot-03,FR0000120503,BOUYGUES,FR,PRODUCER DURABLES,MANUFACTURING & PRODUCTION,CONSTRUCTION,0.049422,-43341,-2142,-238,9,60.5,56.33,63.5,61.67,2.990031,2.78394126,3.138297,3.04785474
2019-04-07 15:26:56.858,Idiot-03,FR0000130395,REMY COINTREAU,FR,CONSUMER STAPLES,FOOD,BREWERS AND BEVERAGE DISTRIBUTION,-0.309637,-43341,13420,671,20,56.33,56.33,56.33,56.33,-17.44185221,-17.44185221,-17.44185221,-17.44185221
2019-04-07 15:27:59.838,Idiot-03,FR0000051732,ATOS,FR,TECHNOLOGY,INFORMATION TECHNOLOGY,COMPUTER SERVICES SOFTWARE & SYSTEMS,0.004845,-43341,-210,-15,14,60.78,55.67,63.67,63,0.2944791,0.26972115,0.30848115,0.305235
2019-04-07 15:25:16.968,Idiot-03,FR0000130577,PUBLICIS GROUPE SA,FR,CONSUMER DISCRETIONARY,MEDIA,ADVERTIING AGENCIES,-0.159871,-43341,6929,533,13,56.22,56.33,56.33,56,-8.98794762,-9.00553343,-9.00553343,-8.952776
2019-04-07 15:24:58.606,Idiot-03,FR0000120073,AIR LIQUIDE,FR,MATERIALS & PROCESSING,CHEMICALS & SYNTHETICS,SPECIALTY CHEMICALS,0.170277,-43341,-7380,-615,12,61.78,59.67,62,63.67,10.51971306,10.16042859,10.557174,10.84153659
2019-04-07 15:24:45.854,Idiot-00,FR0000131104,BNP PARIBAS ACT.A,FR,FINANCIAL SERVICES,BANKS,DIVERSIFIED BANKS,0.019169,-211065,-4046,-289,14,63.5,61,65.83,63.67,1.2172315,1.169309,1.26189527,1.22049023
2019-04-07 15:27:37.842,Idiot-00,FR0000121121,EURAZEO,FR,FINANCIAL SERVICES,INVESTMENT BANKING & BROKERAGE,ASSET MANAGEMENT & CUSTODIAN,0.059199,-211065,-12495,-833,15,60.06,63,55.17,62,3.55549194,3.729537,3.26600883,3.670338
2019-04-07 15:28:52.384,Idiot-00,FR0000120321,L'OREAL,FR,CONSUMER DISCRETIONARY,CONSUMER PRODUCT,COSMETICS,-0.153279,-211065,32352,2696,12,69.61,70.67,69.5,68.67,-10.66975119,-10.83222693,-10.6528905,-10.52566893
2019-04-07 15:25:51.278,Idiot-00,FR0000127771,VIVENDI SE,FR,CONSUMER DISCRETIONARY,MEDIA,RADIO & TELEVISION BROADCASTERS,0.023234,-211065,-4904,-613,8,57.17,52.67,62.17,56.67,1.32828778,1.22373478,1.44445778,1.31667078
2019-04-07 15:27:18.572,Idiot-00,FR0000120404,ACCOR,FR,CONSUMER DISCRETIONARY,LEISURE,HOTELS & MOTELS,0.047918,-211065,-10114,-778,13,62.33,61.67,60.33,65,2.98672894,2.95510306,2.89089294,3.11467
2019-04-07 15:28:25.218,Idiot-00,FR0000120644,DANONE,FR,CONSUMER STAPLES,FOOD,FOOD,0.005780,-211065,-1220,-122,10,65.11,66,61.67,67.67,0.3763358,0.38148,0.3564526,0.3911326
2019-04-07 15:30:03.354,Idiot-00,FR0000051732,ATOS,FR,TECHNOLOGY,INFORMATION TECHNOLOGY,COMPUTER SERVICES SOFTWARE & SYSTEMS,-0.027574,-211065,5820,582,10,60.78,55.67,63.67,63,-1.67594772,-1.53504458,-1.75563658,-1.737162
2019-04-07 15:26:40.032,Idiot-00,FR0000121485,KERING,FR,CONSUMER DISCRETIONARY,CONSUMER PRODUCT,TEXTILE APPAREL & SHOES,-0.008556,-211065,1806,129,14,59.94,59.33,61.17,59.33,-0.51284664,-0.50762748,-0.52337052,-0.50762748
2019-04-07 15:25:26.336,Idiot-00,FR0000121709,S.E.B.,FR,CONSUMER DISCRETIONARY,CONSUMER PRODUCT,HOUSEHOLD EQUIPMENT,0.015009,-211065,-3168,-264,12,61.61,59,62.83,63,0.92470449,0.885531,0.94301547,0.945567
2019-04-07 15:26:55.856,Idiot-00,FR0000131906,RENAULT,FR,CONSUMER DISCRETIONARY,AUTO MOBILES,AUTO MOBILES,0.001061,-211065,-224,-14,16,60,63.67,62.33,54,0.06366,0.06755387,0.06613213,0.057294
2019-04-07 15:22:59.258,Idiot-00,FR0000120628,AXA,FR,FINANCIAL SERVICES,INSURANCE,MULTI-LINE INSURANCE,-0.052462,-211065,11073,3691,3,65.5,60,66.83,69.67,-3.436261,-3.14772,-3.50603546,-3.65502754
2019-04-07 15:30:00.158,Idiot-00,FR0000121667,ESSILORLUXOTTICA,FR,HEALTH CARE SERVICES,MEDICAL EQUIPMENT & SERVICES,MEDICAL & DENTAL INSTRUMENTS,-0.342875,-211065,72369,6579,11,61.17,57.67,62.17,63.67,-20.97366375,-19.77360125,-21.31653875,-21.83085125
2019-04-07 15:25:45.512,Idiot-00,FR0010220475,ALSTOM,FR,PRODUCER DURABLES,MANUFACTURING & PRODUCTION,POWER TRANSMISSION EQUIPMENT,0.455120,-211065,-96060,-4803,20,62.39,67.33,62.5,57.33,28.3949368,30.6432296,28.445,26.0920296
2019-04-07 15:27:48.934,Idiot-00,FR0000121014,LVMH,FR,CONSUMER DISCRETIONARY,CONSUMER PRODUCT,TEXTILE APPAREL & SHOES,0.162111,-211065,-34216,-2632,13,58.83,61.67,60.5,54.33,9.53699013,9.99738537,9.8077155,8.80749063
2019-04-07 15:25:38.870,Idiot-00,FR0000121972,SCHNEIDER ELECTRIC,FR,PRODUCER DURABLES,MANUFACTURING & PRODUCTION,POWER TRANSMISSION EQUIPMENT,0.033714,-211065,-7116,-593,12,64.72,63.33,66.5,64.33,2.18197008,2.13510762,2.241981,2.16882162
2019-04-07 15:25:06.690,Idiot-00,FR0000130395,REMY COINTREAU,FR,CONSUMER STAPLES,FOOD,BREWERS AND BEVERAGE DISTRIBUTION,-0.039864,-211065,8414,601,14,56.33,56.33,56.33,56.33,-2.24553912,-2.24553912,-2.24553912,-2.24553912
2019-04-07 15:29:20.114,Idiot-00,FR0012435121,ELIS,FR,CONSUMER DISCRETIONARY,CONSUMER SERVICES,CONSUMER RENTAL & LEASE SERVICES,-0.022220,-211065,4690,335,14,57.5,59,49.17,64.33,-1.27765,-1.31098,-1.0925574,-1.4294126
2019-04-07 15:29:11.090,Idiot-00,FR0000133308,ORANGE,FR,UTILITIES,UTILITIES,TELECOMMUNICATION UTILITIES,-0.022059,-211065,4656,582,8,60.56,55,67.67,59,-1.33589304,-1.213245,-1.49273253,-1.301481
2019-04-07 15:22:47.790,Idiot-00,FR0000120693,PERNOD RICARD,FR,CONSUMER STAPLES,FOOD,BREWERS AND BEVERAGE DISTRIBUTION,0.266742,-211065,-56300,-2815,20,64.22,64,63,65.67,17.13017124,17.071488,16.804746,17.51694714
2019-04-07 15:26:21.138,Idiot-00,FR0000045072,CREDIT AGRICOLE,FR,FINANCIAL SERVICES,BANKS,DIVERSIFIED BANKS,0.087555,-211065,-18480,-1680,11,59.72,55.67,66.17,57.33,5.2287846,4.87418685,5.79351435,5.01952815
2019-04-07 15:27:28.192,Idiot-00,FR0000121220,SODEXO,FR,PRODUCER DURABLES,COMMERCIAL SERVICES,ENVIRONMENT MAINTENANCE & SECURITY,-0.011015,-211065,2325,155,15,64.67,64.33,66,63.67,-0.71234005,-0.70859495,-0.72699,-0.70132505
2019-04-07 15:25:58.140,Idiot-00,FR0000120271,TOTALENERGIES,FR,ENERGY,NON-RENEWABLE ENERGY,INTEGRATED OIL,0.026797,-211065,-5656,-404,14,63.28,64,64.83,61,1.69571416,1.715008,1.73724951,1.634617
2019-04-07 15:29:24.438,Idiot-00,FR0010307819,LEGRAND,FR,PRODUCER DURABLES,SCIENTIFIC INSTRUMENTS & SERVICES,SCIENCTIFIC INSTRUMENTS ELECTRICAL,-0.009551,-211065,2016,224,9,65.17,64.33,64.83,66.33,-0.62243867,-0.61441583,-0.61919133,-0.63351783
2019-04-07 15:25:28.028,Idiot-00,FR0010259150,IPSEN,FR,HEALTH CARE SERVICES,PHARMACEUTICALS,PHARMACEUTICALS,-0.026778,-211065,5652,628,9,58.28,55,57.83,62,-1.56062184,-1.47279,-1.54857174,-1.660236
2019-04-07 15:27:41.790,Idiot-00,FR0000130403,CHRISTIAN DIOR,FR,CONSUMER DISCRETIONARY,CONSUMER PRODUCT,TEXTILE APPAREL & SHOES,0.015999,-211065,-3377,-307,11,57.22,58,61,52.67,0.91546278,0.927942,0.975939,0.84266733
2019-04-07 15:25:02.084,Idiot-00,FR0000073272,SAFRAN,FR,PRODUCER DURABLES,TRANSPORTATION & FREIGHT,AEROSPACE,0.032407,-211065,-6840,-456,15,58.22,59.33,60,55.33,1.88673554,1.92270731,1.94442,1.79307931
2019-04-07 15:29:06.296,Idiot-00,FR0000039299,BOLLORE,FR,PRODUCER DURABLES,TRANSPORTATION & FREIGHT,MISCELLANEOUS TRANSPORTATION,0.015843,-211065,-3344,-418,8,56.94,59.67,57.83,53.33,0.90210042,0.94535181,0.91620069,0.84490719
2019-04-07 15:29:58.560,Idiot-00,FR0000130452,EIFFAGE,FR,PRODUCER DURABLES,MANUFACTURING & PRODUCTION,CONSTRUCTION,-0.011977,-211065,2528,316,8,57.83,55.67,60.17,57.67,-0.69262991,-0.66675959,-0.72065609,-0.69071359
2019-04-07 15:26:28.784,Idiot-00,FR0000051807,TELEPERFORMANCE,FR,CONSUMER DISCRETIONARY,MEDIA,ADVERTIING AGENCIES,-0.020467,-211065,4320,270,16,56.72,54,52.83,63.33,-1.16088824,-1.105218,-1.08127161,-1.29617511
2019-04-07 15:27:27.158,Idiot-00,FR0000184798,ORPEA,FR,HEALTH CARE SERVICES,HEALTH CARE SERVICES,HEALTH CARE FACILITIES,-0.124653,-211065,26310,1754,15,52.11,54.33,48.67,53.33,-6.49566783,-6.77239749,-6.06686151,-6.64774449
2019-04-07 15:27:15.940,Idiot-00,FR0010208488,ENGIE,FR,UTILITIES,UTILITIES,MISCELLANEOUS UTILITIES,-0.152559,-211065,32200,3220,10,62.17,59.33,64.17,63,-9.48459303,-9.05132547,-9.78971103,-9.611217
2019-04-07 15:25:48.708,Idiot-00,FR0000050809,SOPRA STERIA GROUP,FR,TECHNOLOGY,INFORMATION TECHNOLOGY,COMPUTER SERVICES SOFTWARE & SYSTEMS,-0.093284,-211065,19689,6563,3,57.78,65.67,51.33,56.33,-5.38994952,-6.12596028,-4.78826772,-5.25468772
2019-04-07 15:27:52.976,Idiot-00,FR0010908533,EDENRED,FR,CONSUMER DISCRETIONARY,LEISURE,HOTELS & MOTELS,0.146400,-211065,-30900,-2060,15,57.94,59,56.5,58.33,8.482416,8.6376,8.2716,8.539512
2019-04-07 15:25:49.774,Idiot-00,FR0010242511,EDF,FR,UTILITIES,UTILITIES,ELECTRICAL UTILITIES,-0.061961,-211065,13078,1006,13,60.17,66.67,61.5,52.33,-3.72819337,-4.13093987,-3.8106015,-3.24241913
2019-04-07 15:25:09.040,Idiot-00,FR0000052292,HERMES INTL,FR,NOT CLASSIFIED,NOT CLASSIFIED,NOT CLASSIFIED,0.153696,-211065,-32440,-3244,10,53.67,53,52,56,8.24886432,8.145888,7.992192,8.606976
2019-04-07 15:28:13.186,Idiot-00,FR0000054470,UBISOFT ENTERTAIN,FR,TECHNOLOGY,INFORMATION TECHNOLOGY,ELECTRONIC ENTERTAINMENT,0.005950,-211065,-1256,-157,8,56,57.67,55.67,54.67,0.3332,0.3431365,0.3312365,0.3252865
2019-04-07 15:25:10.450,Idiot-00,FR0000071946,ALTEN,FR,TECHNOLOGY,INFORMATION TECHNOLOGY,COMPUTER SERVICES SOFTWARE & SYSTEMS,0.068187,-211065,-14392,-1028,14,61.11,64.33,63,56,4.16690757,4.38646971,4.295781,3.818472
2019-04-07 15:26:32.450,Idiot-00,FR0010313833,ARKEMA,FR,MATERIALS & PROCESSING,CHEMICALS & SYNTHETICS,DIVERSIFIED CHEMICALS,-0.012237,-211065,2583,369,7,62.78,61.33,61,66,-0.76823886,-0.75049521,-0.746457,-0.807642
2019-04-07 15:26:43.542,Idiot-00,FR0010533075,GETLINK SE,FR,PRODUCER DURABLES,TRANSPORTATION & FREIGHT,RAILROADS,0.153554,-211065,-32410,-3241,10,58.83,57.33,59.17,60,9.03358182,8.80325082,9.08579018,9.21324
2019-04-07 15:29:19.550,Idiot-00,FR0010040865,GECINA,FR,FINANCIAL SERVICES,REAL ESTATE INVESTMENT TRUSTS,OFFICE REIT,0.170847,-211065,-36060,-3005,12,65.44,67.33,61.33,67.67,11.18022768,11.50312851,10.47804651,11.56121649
2019-04-07 15:26:38.560,Idiot-00,FR0012757854,SPIE,FR,PRODUCER DURABLES,COMMERCIAL SERVICES,ENGINEERING & CONTRACTING,0.028147,-211065,-5941,-457,13,58.56,55,54.33,66.33,1.64828832,1.548085,1.52922651,1.86699051
2019-04-07 15:27:03.000,Idiot-00,FR0000120503,BOUYGUES,FR,PRODUCER DURABLES,MANUFACTURING & PRODUCTION,CONSTRUCTION,-0.023452,-211065,4950,550,9,60.5,56.33,63.5,61.67,-1.418846,-1.32105116,-1.489202,-1.44628484
2019-04-07 15:25:42.128,Idiot-00,FR0000130809,SOCIETE GENERALE,FR,FINANCIAL SERVICES,BANKS,DIVERSIFIED BANKS,0.059763,-211065,-12614,-901,14,61.22,59,64.33,60.33,3.65869086,3.526017,3.84455379,3.60550179
2019-04-07 15:28:34.900,Idiot-00,FR0010340141,ADP,FR,PRODUCER DURABLES,TRANSPORTATION & FREIGHT,MISCELLANEOUS TRANSPORTATION,-0.012792,-211065,2700,270,10,63.5,65.67,63.83,61,-0.812292,-0.84005064,-0.81651336,-0.780312
2019-04-07 15:28:38.096,Idiot-00,FR0000124141,VEOLIA ENVIRON.,FR,UTILITIES,UTILITIES,MISCELLANEOUS UTILITIES,-0.019377,-211065,4090,409,10,59.17,58.33,59.83,59.33,-1.14653709,-1.13026041,-1.15932591,-1.14963741
2019-04-07 15:27:47.524,Idiot-00,FR0000125338,CAPGEMINI,FR,TECHNOLOGY,INFORMATION TECHNOLOGY,COMPUTER SERVICES SOFTWARE & SYSTEMS,-0.004264,-211065,900,60,15,60.83,58.33,61.83,62.33,-0.25937912,-0.24871912,-0.26364312,-0.26577512
2019-04-07 15:26:06.098,Idiot-00,FR0010451203,REXEL,FR,CONSUMER DISCRETIONARY,CONSUMER PRODUCT,CONSUMER ELECTRONICS,0.384715,-211065,-81200,-5800,14,60.94,57,60.17,65.67,23.4445321,21.928755,23.14830155,25.26423405
2019-04-07 15:25:25.208,Idiot-00,FR0000121147,FAURECIA,FR,CONSUMER DISCRETIONARY,AUTO MOBILES,AUTO PARTS,0.051169,-211065,-10800,-720,15,52.89,50.67,56.67,51.33,2.70632841,2.59273323,2.89974723,2.62650477
2019-04-07 15:28:40.540,Idiot-00,FR0011981968,WORLDLINE,FR,TECHNOLOGY,INFORMATION TECHNOLOGY,COMPUTER SERVICES SOFTWARE & SYSTEMS,-0.039798,-211065,8400,840,10,65.28,71,61.83,63,-2.59801344,-2.825658,-2.46071034,-2.507274
2019-04-07 15:25:22.576,Idiot-00,FR0006174348,BUREAU VERITAS,FR,PRODUCER DURABLES,COMMERCIAL SERVICES,BACK OFFICE HR & CONSULTANT,0.028920,-211065,-6104,-872,7,55.89,54.33,53,60.33,1.6163388,1.5712236,1.53276,1.7447436
2019-04-07 15:28:59.810,Idiot-00,FR0000130577,PUBLICIS GROUPE SA,FR,CONSUMER DISCRETIONARY,MEDIA,ADVERTIING AGENCIES,0.053893,-211065,-11375,-875,13,56.22,56.33,56.33,56,3.02986446,3.03579269,3.03579269,3.018008
2019-04-07 15:28:10.648,Idiot-00,FR0000121329,THALES,FR,PRODUCER DURABLES,TRANSPORTATION & FREIGHT,AEROSPACE,-0.031535,-211065,6656,416,16,61.89,64.67,62,59,-1.95170115,-2.03936845,-1.95517,-1.860565
2019-04-07 15:25:56.416,Idiot-00,FR0000120578,SANOFI,FR,HEALTH CARE SERVICES,PHARMACEUTICALS,PHARMACEUTICALS,-0.105877,-211065,22347,2483,9,62.06,60.67,65.17,60.33,-6.57072662,-6.42355759,-6.90000409,-6.38755941
2019-04-07 15:28:07.170,Idiot-00,FR0000120073,AIR LIQUIDE,FR,MATERIALS & PROCESSING,CHEMICALS & SYNTHETICS,SPECIALTY CHEMICALS,0.010830,-211065,-2286,-254,9,61.78,59.67,62,63.67,0.6690774,0.6462261,0.67146,0.6895461
2019-04-07 15:26:57.078,Idiot-00,FR0000120172,CARREFOUR,FR,CONSUMER STAPLES,PERSONAL CARE DRUGS & GROCERY,DRUG & GROCERY CHAINS,-0.026977,-211065,5694,438,13,63.83,62.67,64.17,64.67,-1.72194191,-1.69064859,-1.73111409,-1.74460259
2019-04-07 15:28:11.212,Idiot-00,FR0000121964,KLEPIERRE,FR,FINANCIAL SERVICES,REAL ESTATE INVESTMENT TRUSTS,RETAIL REIT,-0.015767,-211065,3328,256,13,61.94,63.33,59.17,63.33,-0.97660798,-0.99852411,-0.93293339,-0.99852411
2019-04-07 15:29:07.988,Idiot-00,FR0010411983,SCOR SE,FR,FINANCIAL SERVICES,INSURANCE,MULTI-LINE INSURANCE,-0.001151,-211065,243,27,9,55.11,50.33,58,57,-0.06343161,-0.05792983,-0.066758,-0.065607
2019-04-07 15:26:01.962,Idiot-00,FR0000125007,SAINT GOBAIN,FR,MATERIALS & PROCESSING,BUILDING MATERIALS,BUILDING MATERIALS,0.007765,-211065,-1639,-149,11,61.89,62,60,63.67,0.48057585,0.48143,0.4659,0.49439755
2019-04-07 15:26:23.238,Idiot-00,FR0000125486,VINCI,FR,PRODUCER DURABLES,MANUFACTURING & PRODUCTION,CONSTRUCTION,0.029678,-211065,-6264,-522,12,62.56,62.67,61.67,63.33,1.85665568,1.85992026,1.83024226,1.87950774
2019-04-07 15:28:42.138,Idiot-00,FR0000121204,WENDEL,FR,PRODUCER DURABLES,MANUFACTURING & PRODUCTION,DIVERSIFIED MANUFACTURING,-0.146812,-211065,30987,2817,11,49.61,49.67,51.17,48,-7.28334332,-7.29215204,-7.51237004,-7.046976
2019-04-07 15:28:43.642,Idiot-02,FR0000120628,AXA,FR,FINANCIAL SERVICES,INSURANCE,MULTI-LINE INSURANCE,-0.022867,-499568,11424,3808,3,65.5,60,66.83,69.67,-1.4977885,-1.37202,-1.52820161,-1.59314389
2019-04-07 15:28:30.388,Idiot-02,FR0000051732,ATOS,FR,TECHNOLOGY,INFORMATION TECHNOLOGY,COMPUTER SERVICES SOFTWARE & SYSTEMS,0.087795,-499568,-43860,-3655,12,60.78,55.67,63.67,63,5.3361801,4.88754765,5.58990765,5.531085
2019-04-07 15:29:22.652,Idiot-02,FR0010411983,SCOR SE,FR,FINANCIAL SERVICES,INSURANCE,MULTI-LINE INSURANCE,0.051084,-499568,-25520,-2552,10,55.11,50.33,58,57,2.81523924,2.57105772,2.962872,2.911788
2019-04-07 15:29:24.814,Idiot-02,FR0010307819,LEGRAND,FR,PRODUCER DURABLES,SCIENTIFIC INSTRUMENTS & SERVICES,SCIENCTIFIC INSTRUMENTS ELECTRICAL,-0.006557,-499568,3276,364,9,65.17,64.33,64.83,66.33,-0.42731969,-0.42181181,-0.42509031,-0.43492581
2019-04-07 15:28:33.678,Idiot-02,FR0000121709,S.E.B.,FR,CONSUMER DISCRETIONARY,CONSUMER PRODUCT,HOUSEHOLD EQUIPMENT,0.005328,-499568,-2662,-242,11,61.61,59,62.83,63,0.32825808,0.314352,0.33475824,0.335664
2019-04-07 15:28:17.416,Idiot-02,FR0000052292,HERMES INTL,FR,NOT CLASSIFIED,NOT CLASSIFIED,NOT CLASSIFIED,0.047489,-499568,-23724,-1977,12,53.67,53,52,56,2.54873463,2.516917,2.469428,2.659384
2019-04-07 15:28:45.710,Idiot-02,FR0000120644,DANONE,FR,CONSUMER STAPLES,FOOD,FOOD,0.018451,-499568,-9218,-838,11,65.11,66,61.67,67.67,1.20134461,1.217766,1.13787317,1.24857917
2019-04-07 15:28:52.196,Idiot-02,FR0000120321,L'OREAL,FR,CONSUMER DISCRETIONARY,CONSUMER PRODUCT,COSMETICS,-0.073119,-499568,36528,3044,12,69.61,70.67,69.5,68.67,-5.08981359,-5.16731973,-5.0817705,-5.02108173
2019-04-07 15:28:24.560,Idiot-02,FR0000120404,ACCOR,FR,CONSUMER DISCRETIONARY,LEISURE,HOTELS & MOTELS,-0.011109,-499568,5550,370,15,62.33,61.67,60.33,65,-0.69242397,-0.68509203,-0.67020597,-0.722085
2019-04-07 15:29:31.488,Idiot-02,FR0006174348,BUREAU VERITAS,FR,PRODUCER DURABLES,COMMERCIAL SERVICES,BACK OFFICE HR & CONSULTANT,-0.019312,-499568,9648,804,12,55.89,54.33,53,60.33,-1.07934768,-1.04922096,-1.023536,-1.16509296
2019-04-07 15:24:34.042,Idiot-02,FR0000120271,TOTALENERGIES,FR,ENERGY,NON-RENEWABLE ENERGY,INTEGRATED OIL,-0.003795,-499568,1896,158,12,63.28,64,64.83,61,-0.2401476,-0.24288,-0.24602985,-0.231495
2019-04-07 15:29:10.432,Idiot-02,FR0010040865,GECINA,FR,FINANCIAL SERVICES,REAL ESTATE INVESTMENT TRUSTS,OFFICE REIT,0.010232,-499568,-5112,-568,9,65.44,67.33,61.33,67.67,0.66958208,0.68892056,0.62752856,0.69239944
2019-04-07 15:30:05.704,Idiot-02,FR0000125486,VINCI,FR,PRODUCER DURABLES,MANUFACTURING & PRODUCTION,CONSTRUCTION,0.020357,-499568,-10170,-1017,10,62.56,62.67,61.67,63.33,1.27353392,1.27577319,1.25541619,1.28920881
2019-04-07 15:29:04.510,Idiot-02,FR0010451203,REXEL,FR,CONSUMER DISCRETIONARY,CONSUMER PRODUCT,CONSUMER ELECTRONICS,0.002438,-499568,-1218,-87,14,60.94,57,60.17,65.67,0.14857172,0.138966,0.14669446,0.16010346
2019-04-07 15:28:50.880,Idiot-02,FR0000121964,KLEPIERRE,FR,FINANCIAL SERVICES,REAL ESTATE INVESTMENT TRUSTS,RETAIL REIT,0.003951,-499568,-1974,-658,3,61.94,63.33,59.17,63.33,0.24472494,0.25021683,0.23378067,0.25021683
2019-04-07 15:29:09.210,Idiot-02,FR0000133308,ORANGE,FR,UTILITIES,UTILITIES,TELECOMMUNICATION UTILITIES,0.109798,-499568,-54852,-3918,14,60.56,55,67.67,59,6.64936688,6.03889,7.43003066,6.478082
2019-04-07 15:29:59.688,Idiot-02,FR0000121667,ESSILORLUXOTTICA,FR,HEALTH CARE SERVICES,MEDICAL EQUIPMENT & SERVICES,MEDICAL & DENTAL INSTRUMENTS,-0.119761,-499568,59829,5439,11,61.17,57.67,62.17,63.67,-7.32578037,-6.90661687,-7.44554137,-7.62518287
2019-04-07 15:28:12.152,Idiot-02,FR0012757854,SPIE,FR,PRODUCER DURABLES,COMMERCIAL SERVICES,ENGINEERING & CONTRACTING,-0.019312,-499568,9648,603,16,58.56,55,54.33,66.33,-1.13091072,-1.06216,-1.04922096,-1.28096496
2019-04-07 15:28:18.168,Idiot-02,FR0000071946,ALTEN,FR,TECHNOLOGY,INFORMATION TECHNOLOGY,COMPUTER SERVICES SOFTWARE & SYSTEMS,-0.003446,-499568,1722,123,14,61.11,64.33,63,56,-0.21058506,-0.22168118,-0.217098,-0.192976
2019-04-07 15:28:37.062,Idiot-02,FR0000127771,VIVENDI SE,FR,CONSUMER DISCRETIONARY,MEDIA,RADIO & TELEVISION BROADCASTERS,0.006725,-499568,-3360,-224,15,57.17,52.67,62.17,56.67,0.38446825,0.35420575,0.41809325,0.38110575
2019-04-07 15:29:45.964,Idiot-02,FR0000130403,CHRISTIAN DIOR,FR,CONSUMER DISCRETIONARY,CONSUMER PRODUCT,TEXTILE APPAREL & SHOES,0.003633,-499568,-1815,-165,11,57.22,58,61,52.67,0.20788026,0.210714,0.221613,0.19135011
2019-04-07 15:29:02.630,Idiot-02,FR0000121220,SODEXO,FR,PRODUCER DURABLES,COMMERCIAL SERVICES,ENVIRONMENT MAINTENANCE & SECURITY,-0.007638,-499568,3816,424,9,64.67,64.33,66,63.67,-0.49394946,-0.49135254,-0.504108,-0.48631146
2019-04-07 15:27:25.748,Idiot-02,FR0000050809,SOPRA STERIA GROUP,FR,TECHNOLOGY,INFORMATION TECHNOLOGY,COMPUTER SERVICES SOFTWARE & SYSTEMS,-0.032614,-499568,16293,5431,3,57.78,65.67,51.33,56.33,-1.88443692,-2.14176138,-1.67407662,-1.83714662
2019-04-07 15:28:38.190,Idiot-02,FR0000124141,VEOLIA ENVIRON.,FR,UTILITIES,UTILITIES,MISCELLANEOUS UTILITIES,0.001281,-499568,-640,-64,10,59.17,58.33,59.83,59.33,0.07579677,0.07472073,0.07664223,0.07600173
2019-04-07 15:28:06.512,Idiot-02,FR0000131104,BNP PARIBAS ACT.A,FR,FINANCIAL SERVICES,BANKS,DIVERSIFIED BANKS,0.131873,-499568,-65880,-3294,20,63.5,61,65.83,63.67,8.3739355,8.044253,8.68119959,8.39635391
2019-04-07 15:26:59.616,Idiot-02,FR0000073272,SAFRAN,FR,PRODUCER DURABLES,TRANSPORTATION & FREIGHT,AEROSPACE,0.084685,-499568,-42306,-3846,11,58.22,59.33,60,55.33,4.9303607,5.02436105,5.0811,4.68562105
2019-04-07 15:28:07.452,Idiot-02,FR0000120073,AIR LIQUIDE,FR,MATERIALS & PROCESSING,CHEMICALS & SYNTHETICS,SPECIALTY CHEMICALS,-0.004970,-499568,2483,191,13,61.78,59.67,62,63.67,-0.3070466,-0.2965599,-0.30814,-0.3164399
2019-04-07 15:28:46.368,Idiot-02,FR0000125338,CAPGEMINI,FR,TECHNOLOGY,INFORMATION TECHNOLOGY,COMPUTER SERVICES SOFTWARE & SYSTEMS,0.050821,-499568,-25389,-1953,13,60.83,58.33,61.83,62.33,3.09144143,2.96438893,3.14226243,3.16767293
2019-04-07 15:28:59.998,Idiot-02,FR0000130577,PUBLICIS GROUPE SA,FR,CONSUMER DISCRETIONARY,MEDIA,ADVERTIING AGENCIES,-0.024773,-499568,12376,952,13,56.22,56.33,56.33,56,-1.39273806,-1.39546309,-1.39546309,-1.387288
2019-04-07 15:28:29.354,Idiot-02,FR0000131906,RENAULT,FR,CONSUMER DISCRETIONARY,AUTO MOBILES,AUTO MOBILES,0.000000,-499568,0,0,15,60,63.67,62.33,54,0,0,0,0
2019-04-07 15:28:20.518,Idiot-02,FR0010208488,ENGIE,FR,UTILITIES,UTILITIES,MISCELLANEOUS UTILITIES,-0.083612,-499568,41770,4177,10,62.17,59.33,64.17,63,-5.19815804,-4.96069996,-5.36538204,-5.267556
2019-04-07 15:27:11.616,Idiot-02,FR0012435121,ELIS,FR,CONSUMER DISCRETIONARY,CONSUMER SERVICES,CONSUMER RENTAL & LEASE SERVICES,-0.001225,-499568,612,68,9,57.5,59,49.17,64.33,-0.0704375,-0.072275,-0.06023325,-0.07880425
2019-04-07 15:27:06.102,Idiot-02,FR0000121121,EURAZEO,FR,FINANCIAL SERVICES,INVESTMENT BANKING & BROKERAGE,ASSET MANAGEMENT & CUSTODIAN,0.024116,-499568,-12048,-1004,12,60.06,63,55.17,62,1.44840696,1.519308,1.33047972,1.495192
2019-04-07 15:24:21.446,Idiot-02,FR0000120578,SANOFI,FR,HEALTH CARE SERVICES,PHARMACEUTICALS,PHARMACEUTICALS,0.008631,-499568,-4312,-539,8,62.06,60.67,65.17,60.33,0.53563986,0.52364277,0.56248227,0.52070823
2019-04-07 15:28:32.268,Idiot-02,FR0000130809,SOCIETE GENERALE,FR,FINANCIAL SERVICES,BANKS,DIVERSIFIED BANKS,0.103889,-499568,-51900,-2595,20,61.22,59,64.33,60.33,6.36008458,6.129451,6.68317937,6.26762337
2019-04-07 15:28:13.280,Idiot-02,FR0000054470,UBISOFT ENTERTAIN,FR,TECHNOLOGY,INFORMATION TECHNOLOGY,ELECTRONIC ENTERTAINMENT,0.002626,-499568,-1312,-164,8,56,57.67,55.67,54.67,0.147056,0.15144142,0.14618942,0.14356342
2019-04-07 15:26:44.012,Idiot-02,FR0010533075,GETLINK SE,FR,PRODUCER DURABLES,TRANSPORTATION & FREIGHT,RAILROADS,0.064295,-499568,-32120,-3212,10,58.83,57.33,59.17,60,3.78247485,3.68603235,3.80433515,3.8577
2019-04-07 15:28:26.252,Idiot-02,FR0000121972,SCHNEIDER ELECTRIC,FR,PRODUCER DURABLES,MANUFACTURING & PRODUCTION,POWER TRANSMISSION EQUIPMENT,-0.002756,-499568,1377,153,9,64.72,63.33,66.5,64.33,-0.17836832,-0.17453748,-0.183274,-0.17729348
2019-04-07 15:29:38.256,Idiot-02,FR0000184798,ORPEA,FR,HEALTH CARE SERVICES,HEALTH CARE SERVICES,HEALTH CARE FACILITIES,-0.142088,-499568,70983,6453,11,52.11,54.33,48.67,53.33,-7.40420568,-7.71964104,-6.91542296,-7.57755304
2019-04-07 15:28:38.660,Idiot-02,FR0010313833,ARKEMA,FR,MATERIALS & PROCESSING,CHEMICALS & SYNTHETICS,DIVERSIFIED CHEMICALS,-0.092503,-499568,46212,3851,12,62.78,61.33,61,66,-5.80733834,-5.67320899,-5.642683,-6.105198
2019-04-07 15:29:05.450,Idiot-02,FR0010242511,EDF,FR,UTILITIES,UTILITIES,ELECTRICAL UTILITIES,0.031635,-499568,-15804,-1317,12,60.17,66.67,61.5,52.33,1.90347795,2.10910545,1.9455525,1.65545955
2019-04-07 15:28:47.778,Idiot-02,FR0000121485,KERING,FR,CONSUMER DISCRETIONARY,CONSUMER PRODUCT,TEXTILE APPAREL & SHOES,0.138431,-499568,-69156,-5763,12,59.94,59.33,61.17,59.33,8.29755414,8.21311123,8.46782427,8.21311123
2019-04-07 15:27:03.094,Idiot-02,FR0000120503,BOUYGUES,FR,PRODUCER DURABLES,MANUFACTURING & PRODUCTION,CONSTRUCTION,0.014268,-499568,-7128,-792,9,60.5,56.33,63.5,61.67,0.863214,0.80371644,0.906018,0.87990756
2019-04-07 15:29:06.954,Idiot-02,FR0000039299,BOLLORE,FR,PRODUCER DURABLES,TRANSPORTATION & FREIGHT,MISCELLANEOUS TRANSPORTATION,0.001695,-499568,-847,-77,11,56.94,59.67,57.83,53.33,0.0965133,0.10114065,0.09802185,0.09039435
2019-04-07 15:29:35.718,Idiot-02,FR0010340141,ADP,FR,PRODUCER DURABLES,TRANSPORTATION & FREIGHT,MISCELLANEOUS TRANSPORTATION,0.021170,-499568,-10576,-661,16,63.5,65.67,63.83,61,1.344295,1.3902339,1.3512811,1.29137
2019-04-07 15:27:17.946,Idiot-02,FR0000121014,LVMH,FR,CONSUMER DISCRETIONARY,CONSUMER PRODUCT,TEXTILE APPAREL & SHOES,0.086072,-499568,-42999,-3909,11,58.83,61.67,60.5,54.33,5.06361576,5.30806024,5.207356,4.67629176
2019-04-07 15:28:54.640,Idiot-02,FR0000121147,FAURECIA,FR,CONSUMER DISCRETIONARY,AUTO MOBILES,AUTO PARTS,-0.059407,-499568,29678,2698,11,52.89,50.67,56.67,51.33,-3.14203623,-3.01015269,-3.36659469,-3.04936131
2019-04-07 15:29:12.406,Idiot-02,FR0000125007,SAINT GOBAIN,FR,MATERIALS & PROCESSING,BUILDING MATERIALS,BUILDING MATERIALS,-0.012302,-499568,6146,878,7,61.89,62,60,63.67,-0.76137078,-0.762724,-0.73812,-0.78326834
2019-04-07 15:29:00.374,Idiot-02,FR0000130395,REMY COINTREAU,FR,CONSUMER STAPLES,FOOD,BREWERS AND BEVERAGE DISTRIBUTION,0.016053,-499568,-8020,-401,20,56.33,56.33,56.33,56.33,0.90426549,0.90426549,0.90426549,0.90426549
2019-04-07 15:28:27.286,Idiot-02,FR0000045072,CREDIT AGRICOLE,FR,FINANCIAL SERVICES,BANKS,DIVERSIFIED BANKS,0.235923,-499568,-117860,-5893,20,59.72,55.67,66.17,57.33,14.08932156,13.13383341,15.61102491,13.52546559
2019-04-07 15:28:10.460,Idiot-02,FR0000121329,THALES,FR,PRODUCER DURABLES,TRANSPORTATION & FREIGHT,AEROSPACE,0.016686,-499568,-8336,-521,16,61.89,64.67,62,59,1.03269654,1.07908362,1.034532,0.984474
2019-04-07 15:28:42.420,Idiot-02,FR0000121204,WENDEL,FR,PRODUCER DURABLES,MANUFACTURING & PRODUCTION,DIVERSIFIED MANUFACTURING,-0.050803,-499568,25380,2115,12,49.61,49.67,51.17,48,-2.52033683,-2.52338501,-2.59958951,-2.438544
2019-04-07 15:29:31.770,Idiot-02,FR0000120172,CARREFOUR,FR,CONSUMER STAPLES,PERSONAL CARE DRUGS & GROCERY,DRUG & GROCERY CHAINS,0.009159,-499568,-4576,-416,11,63.83,62.67,64.17,64.67,0.58461897,0.57399453,0.58773303,0.59231253
2019-04-07 15:28:40.446,Idiot-02,FR0011981968,WORLDLINE,FR,TECHNOLOGY,INFORMATION TECHNOLOGY,COMPUTER SERVICES SOFTWARE & SYSTEMS,0.025381,-499568,-12680,-1268,10,65.28,71,61.83,63,1.65687168,1.802051,1.56930723,1.599003
2019-04-07 15:28:31.422,Idiot-02,FR0000120693,PERNOD RICARD,FR,CONSUMER STAPLES,FOOD,BREWERS AND BEVERAGE DISTRIBUTION,0.113978,-499568,-56940,-2847,20,64.22,64,63,65.67,7.31966716,7.294592,7.180614,7.48493526
2019-04-07 15:27:09.674,Idiot-02,FR0000051807,TELEPERFORMANCE,FR,CONSUMER DISCRETIONARY,MEDIA,ADVERTIING AGENCIES,-0.014236,-499568,7112,508,14,56.72,54,52.83,63.33,-0.80746592,-0.768744,-0.75208788,-0.90156588
2019-04-07 15:27:59.274,Idiot-02,FR0010908533,EDENRED,FR,CONSUMER DISCRETIONARY,LEISURE,HOTELS & MOTELS,-0.007482,-499568,3738,623,6,57.94,59,56.5,58.33,-0.43350708,-0.441438,-0.422733,-0.43642506
2019-04-07 15:28:55.956,Idiot-02,FR0010220475,ALSTOM,FR,PRODUCER DURABLES,MANUFACTURING & PRODUCTION,POWER TRANSMISSION EQUIPMENT,0.238966,-499568,-119380,-5969,20,62.39,67.33,62.5,57.33,14.90908874,16.08958078,14.935375,13.69992078
2019-04-07 15:27:00.932,Idiot-02,FR0010259150,IPSEN,FR,HEALTH CARE SERVICES,PHARMACEUTICALS,PHARMACEUTICALS,0.014322,-499568,-7155,-795,9,58.28,55,57.83,62,0.83468616,0.78771,0.82824126,0.887964
2019-04-07 15:29:03.382,Idiot-02,FR0000130452,EIFFAGE,FR,PRODUCER DURABLES,MANUFACTURING & PRODUCTION,CONSTRUCTION,0.012442,-499568,-6216,-777,8,57.83,55.67,60.17,57.67,0.71952086,0.69264614,0.74863514,0.71753014
2019-04-07 15:27:27.502,Idiot-01,FR0000130809,SOCIETE GENERALE,FR,FINANCIAL SERVICES,BANKS,DIVERSIFIED BANKS,0.151254,-503257,-76120,-3806,20,61.22,59,64.33,60.33,9.25976988,8.923986,9.73016982,9.12515382
2019-04-07 15:27:48.746,Idiot-01,FR0000121014,LVMH,FR,CONSUMER DISCRETIONARY,CONSUMER PRODUCT,TEXTILE APPAREL & SHOES,0.057165,-503257,-28769,-2213,13,58.83,61.67,60.5,54.33,3.36301695,3.52536555,3.4584825,3.10577445
2019-04-07 15:27:50.720,Idiot-01,FR0000130577,PUBLICIS GROUPE SA,FR,CONSUMER DISCRETIONARY,MEDIA,ADVERTIING AGENCIES,-0.036577,-503257,18408,6136,3,56.22,56.33,56.33,56,-2.05635894,-2.06038241,-2.06038241,-2.048312
2019-04-07 15:28:33.584,Idiot-01,FR0000121709,S.E.B.,FR,CONSUMER DISCRETIONARY,CONSUMER PRODUCT,HOUSEHOLD EQUIPMENT,0.014294,-503257,-7194,-654,11,61.61,59,62.83,63,0.88065334,0.843346,0.89809202,0.900522
2019-04-07 15:27:38.876,Idiot-01,FR0000071946,ALTEN,FR,TECHNOLOGY,INFORMATION TECHNOLOGY,COMPUTER SERVICES SOFTWARE & SYSTEMS,0.196440,-503257,-98860,-4943,20,61.11,64.33,63,56,12.0044484,12.6369852,12.37572,11.00064
2019-04-07 15:27:29.852,Idiot-01,FR0010259150,IPSEN,FR,HEALTH CARE SERVICES,PHARMACEUTICALS,PHARMACEUTICALS,0.003666,-503257,-1845,-205,9,58.28,55,57.83,62,0.21365448,0.20163,0.21200478,0.227292
2019-04-07 15:30:05.328,Idiot-01,FR0000125486,VINCI,FR,PRODUCER DURABLES,MANUFACTURING & PRODUCTION,CONSTRUCTION,0.000059,-503257,-30,-3,10,62.56,62.67,61.67,63.33,0.00369104,0.00369753,0.00363853,0.00373647
2019-04-07 15:24:25.550,Idiot-01,FR0000125007,SAINT GOBAIN,FR,MATERIALS & PROCESSING,BUILDING MATERIALS,BUILDING MATERIALS,-0.008655,-503257,4356,484,9,61.89,62,60,63.67,-0.53565795,-0.53661,-0.5193,-0.55106385
2019-04-07 15:27:19.982,Idiot-01,FR0000054470,UBISOFT ENTERTAIN,FR,TECHNOLOGY,INFORMATION TECHNOLOGY,ELECTRONIC ENTERTAINMENT,0.033911,-503257,-17066,-1219,14,56,57.67,55.67,54.67,1.899016,1.95564737,1.88782537,1.85391437
2019-04-07 15:24:34.512,Idiot-01,FR0000120271,TOTALENERGIES,FR,ENERGY,NON-RENEWABLE ENERGY,INTEGRATED OIL,0.009370,-503257,-4716,-393,12,63.28,64,64.83,61,0.5929336,0.59968,0.6074571,0.57157
2019-04-07 15:27:26.186,Idiot-01,FR0000120578,SANOFI,FR,HEALTH CARE SERVICES,PHARMACEUTICALS,PHARMACEUTICALS,-0.023097,-503257,11624,1453,8,62.06,60.67,65.17,60.33,-1.43339982,-1.40129499,-1.50523149,-1.39344201
2019-04-07 15:28:17.604,Idiot-01,FR0000052292,HERMES INTL,FR,NOT CLASSIFIED,NOT CLASSIFIED,NOT CLASSIFIED,0.073083,-503257,-36780,-3065,12,53.67,53,52,56,3.92236461,3.873399,3.800316,4.092648
2019-04-07 15:27:49.686,Idiot-01,FR0000121147,FAURECIA,FR,CONSUMER DISCRETIONARY,AUTO MOBILES,AUTO PARTS,-0.060283,-503257,30338,2758,11,52.89,50.67,56.67,51.33,-3.18836787,-3.05453961,-3.41623761,-3.09432639
2019-04-07 15:29:15.696,Idiot-01,FR0010220475,ALSTOM,FR,PRODUCER DURABLES,MANUFACTURING & PRODUCTION,POWER TRANSMISSION EQUIPMENT,-0.033114,-503257,16665,1111,15,62.39,67.33,62.5,57.33,-2.06598246,-2.22956562,-2.069625,-1.89842562
2019-04-07 15:27:43.012,Idiot-01,FR0000121964,KLEPIERRE,FR,FINANCIAL SERVICES,REAL ESTATE INVESTMENT TRUSTS,RETAIL REIT,0.004965,-503257,-2499,-833,3,61.94,63.33,59.17,63.33,0.3075321,0.31443345,0.29377905,0.31443345
2019-04-07 15:27:30.980,Idiot-01,FR0011981968,WORLDLINE,FR,TECHNOLOGY,INFORMATION TECHNOLOGY,COMPUTER SERVICES SOFTWARE & SYSTEMS,-0.046145,-503257,23223,7741,3,65.28,71,61.83,63,-3.0123456,-3.276295,-2.85314535,-2.907135
2019-04-07 15:28:00.120,Idiot-01,FR0000051732,ATOS,FR,TECHNOLOGY,INFORMATION TECHNOLOGY,COMPUTER SERVICES SOFTWARE & SYSTEMS,0.025732,-503257,-12950,-925,14,60.78,55.67,63.67,63,1.56399096,1.43250044,1.63835644,1.621116
2019-04-07 15:27:42.636,Idiot-01,FR0000130403,CHRISTIAN DIOR,FR,CONSUMER DISCRETIONARY,CONSUMER PRODUCT,TEXTILE APPAREL & SHOES,-0.003866,-503257,1946,278,7,57.22,58,61,52.67,-0.22121252,-0.224228,-0.235826,-0.20362222
2019-04-07 15:27:54.386,Idiot-01,FR0000130452,EIFFAGE,FR,PRODUCER DURABLES,MANUFACTURING & PRODUCTION,CONSTRUCTION,0.046185,-503257,-23243,-2113,11,57.83,55.67,60.17,57.67,2.67087855,2.57111895,2.77895145,2.66348895
2019-04-07 15:27:06.352,Idiot-01,FR0000131104,BNP PARIBAS ACT.A,FR,FINANCIAL SERVICES,BANKS,DIVERSIFIED BANKS,0.115010,-503257,-57880,-2894,20,63.5,61,65.83,63.67,7.303135,7.01561,7.5711083,7.3226867
2019-04-07 15:29:02.536,Idiot-01,FR0000121220,SODEXO,FR,PRODUCER DURABLES,COMMERCIAL SERVICES,ENVIRONMENT MAINTENANCE & SECURITY,0.000411,-503257,-207,-23,9,64.67,64.33,66,63.67,0.02657937,0.02643963,0.027126,0.02616837
2019-04-07 15:29:26.976,Idiot-01,FR0000045072,CREDIT AGRICOLE,FR,FINANCIAL SERVICES,BANKS,DIVERSIFIED BANKS,-0.018338,-503257,9229,839,11,59.72,55.67,66.17,57.33,-1.09514536,-1.02087646,-1.21342546,-1.05131754
2019-04-07 15:27:34.834,Idiot-01,FR0000120628,AXA,FR,FINANCIAL SERVICES,INSURANCE,MULTI-LINE INSURANCE,-0.016051,-503257,8078,577,14,65.5,60,66.83,69.67,-1.0513405,-0.96306,-1.07268833,-1.11827317
2019-04-07 15:27:46.866,Idiot-01,FR0010340141,ADP,FR,PRODUCER DURABLES,TRANSPORTATION & FREIGHT,MISCELLANEOUS TRANSPORTATION,0.061805,-503257,-31104,-2592,12,63.5,65.67,63.83,61,3.9246175,4.05873435,3.94501315,3.770105
2019-04-07 15:27:55.890,Idiot-01,FR0000130395,REMY COINTREAU,FR,CONSUMER STAPLES,FOOD,BREWERS AND BEVERAGE DISTRIBUTION,0.015975,-503257,-8040,-402,20,56.33,56.33,56.33,56.33,0.89987175,0.89987175,0.89987175,0.89987175
2019-04-07 15:27:08.514,Idiot-01,FR0000121329,THALES,FR,PRODUCER DURABLES,TRANSPORTATION & FREIGHT,AEROSPACE,0.000319,-503257,-161,-23,7,61.89,64.67,62,59,0.01974291,0.02062973,0.019778,0.018821
2019-04-07 15:27:02.624,Idiot-01,FR0000120503,BOUYGUES,FR,PRODUCER DURABLES,MANUFACTURING & PRODUCTION,CONSTRUCTION,-0.001192,-503257,600,60,10,60.5,56.33,63.5,61.67,-0.072116,-0.06714536,-0.075692,-0.07351064
2019-04-07 15:30:03.918,Idiot-01,FR0000039299,BOLLORE,FR,PRODUCER DURABLES,TRANSPORTATION & FREIGHT,MISCELLANEOUS TRANSPORTATION,0.002754,-503257,-1386,-126,11,56.94,59.67,57.83,53.33,0.15681276,0.16433118,0.15926382,0.14687082
2019-04-07 15:27:57.488,Idiot-01,FR0000050809,SOPRA STERIA GROUP,FR,TECHNOLOGY,INFORMATION TECHNOLOGY,COMPUTER SERVICES SOFTWARE & SYSTEMS,-0.007836,-503257,3944,493,8,57.78,65.67,51.33,56.33,-0.45276408,-0.51459012,-0.40222188,-0.44140188
2019-04-07 15:28:45.240,Idiot-01,FR0000120644,DANONE,FR,CONSUMER STAPLES,FOOD,FOOD,0.001287,-503257,-648,-54,12,65.11,66,61.67,67.67,0.08379657,0.084942,0.07936929,0.08709129
2019-04-07 15:27:56.736,Idiot-01,FR0000120404,ACCOR,FR,CONSUMER DISCRETIONARY,LEISURE,HOTELS & MOTELS,0.226206,-503257,-113840,-5692,20,62.33,61.67,60.33,65,14.09941998,13.95012402,13.64700798,14.70339
2019-04-07 15:29:17.670,Idiot-01,FR0000121204,WENDEL,FR,PRODUCER DURABLES,MANUFACTURING & PRODUCTION,DIVERSIFIED MANUFACTURING,0.008377,-503257,-4216,-527,8,49.61,49.67,51.17,48,0.41558297,0.41608559,0.42865109,0.402096
2019-04-07 15:27:16.974,Idiot-01,FR0010208488,ENGIE,FR,UTILITIES,UTILITIES,MISCELLANEOUS UTILITIES,-0.072666,-503257,36570,3657,10,62.17,59.33,64.17,63,-4.51764522,-4.31127378,-4.66297722,-4.577958
2019-04-07 15:29:17.012,Idiot-01,FR0000073272,SAFRAN,FR,PRODUCER DURABLES,TRANSPORTATION & FREIGHT,AEROSPACE,-0.004868,-503257,2450,245,10,58.22,59.33,60,55.33,-0.28341496,-0.28881844,-0.29208,-0.26934644
2019-04-07 15:25:15.088,Idiot-01,FR0000120172,CARREFOUR,FR,CONSUMER STAPLES,PERSONAL CARE DRUGS & GROCERY,DRUG & GROCERY CHAINS,0.109606,-503257,-55160,-2758,20,63.83,62.67,64.17,64.67,6.99615098,6.86900802,7.03341702,7.08822002
2019-04-07 15:28:29.260,Idiot-01,FR0000131906,RENAULT,FR,CONSUMER DISCRETIONARY,AUTO MOBILES,AUTO MOBILES,0.005126,-503257,-2580,-172,15,60,63.67,62.33,54,0.30756,0.32637242,0.31950358,0.276804
2019-04-07 15:29:23.028,Idiot-01,FR0010411983,SCOR SE,FR,FINANCIAL SERVICES,INSURANCE,MULTI-LINE INSURANCE,0.034300,-503257,-17262,-1918,9,55.11,50.33,58,57,1.890273,1.726319,1.9894,1.9551
2019-04-07 15:28:03.786,Idiot-01,FR0000133308,ORANGE,FR,UTILITIES,UTILITIES,TELECOMMUNICATION UTILITIES,0.012109,-503257,-6094,-554,11,60.56,55,67.67,59,0.73332104,0.665995,0.81941603,0.714431
2019-04-07 15:26:26.778,Idiot-01,FR0000120693,PERNOD RICARD,FR,CONSUMER STAPLES,FOOD,BREWERS AND BEVERAGE DISTRIBUTION,-0.001579,-503257,795,53,15,64.22,64,63,65.67,-0.10140338,-0.101056,-0.099477,-0.10369293
2019-04-07 15:27:44.610,Idiot-01,FR0000120321,L'OREAL,FR,CONSUMER DISCRETIONARY,CONSUMER PRODUCT,COSMETICS,-0.012065,-503257,6072,552,11,69.61,70.67,69.5,68.67,-0.83984465,-0.85263355,-0.8385175,-0.82850355
2019-04-07 15:27:47.994,Idiot-01,FR0000125338,CAPGEMINI,FR,TECHNOLOGY,INFORMATION TECHNOLOGY,COMPUTER SERVICES SOFTWARE & SYSTEMS,-0.000439,-503257,221,17,13,60.83,58.33,61.83,62.33,-0.02670437,-0.02560687,-0.02714337,-0.02736287
2019-04-07 15:28:08.298,Idiot-01,FR0010451203,REXEL,FR,CONSUMER DISCRETIONARY,CONSUMER PRODUCT,CONSUMER ELECTRONICS,0.125659,-503257,-63239,-5749,11,60.94,57,60.17,65.67,7.65765946,7.162563,7.56090203,8.25202653
2019-04-07 15:27:40.380,Idiot-01,FR0000121485,KERING,FR,CONSUMER DISCRETIONARY,CONSUMER PRODUCT,TEXTILE APPAREL & SHOES,0.133136,-503257,-67002,-5154,13,59.94,59.33,61.17,59.33,7.98017184,7.89895888,8.14392912,7.89895888
2019-04-07 15:27:24.024,Idiot-01,FR0010533075,GETLINK SE,FR,PRODUCER DURABLES,TRANSPORTATION & FREIGHT,RAILROADS,-0.012643,-503257,6363,909,7,58.83,57.33,59.17,60,-0.74378769,-0.72482319,-0.74808631,-0.75858
2019-04-07 15:27:11.710,Idiot-01,FR0012435121,ELIS,FR,CONSUMER DISCRETIONARY,CONSUMER SERVICES,CONSUMER RENTAL & LEASE SERVICES,-0.012053,-503257,6066,674,9,57.5,59,49.17,64.33,-0.6930475,-0.711127,-0.59264601,-0.77536949
2019-04-07 15:28:25.782,Idiot-01,FR0000121972,SCHNEIDER ELECTRIC,FR,PRODUCER DURABLES,MANUFACTURING & PRODUCTION,POWER TRANSMISSION EQUIPMENT,-0.004846,-503257,2439,271,9,64.72,63.33,66.5,64.33,-0.31363312,-0.30689718,-0.322259,-0.31174318
2019-04-07 15:27:59.368,Idiot-01,FR0010908533,EDENRED,FR,CONSUMER DISCRETIONARY,LEISURE,HOTELS & MOTELS,0.004184,-503257,-2106,-351,6,57.94,59,56.5,58.33,0.24242096,0.246856,0.236396,0.24405272
2019-04-07 15:29:09.962,Idiot-01,FR0010040865,GECINA,FR,FINANCIAL SERVICES,REAL ESTATE INVESTMENT TRUSTS,OFFICE REIT,-0.002754,-503257,1386,154,9,65.44,67.33,61.33,67.67,-0.18022176,-0.18542682,-0.16890282,-0.18636318
2019-04-07 15:27:32.296,Idiot-01,FR0000124141,VEOLIA ENVIRON.,FR,UTILITIES,UTILITIES,MISCELLANEOUS UTILITIES,-0.012923,-503257,6504,542,12,59.17,58.33,59.83,59.33,-0.76465391,-0.75379859,-0.77318309,-0.76672159
2019-04-07 15:29:57.714,Idiot-01,FR0000184798,ORPEA,FR,HEALTH CARE SERVICES,HEALTH CARE SERVICES,HEALTH CARE FACILITIES,0.006163,-503257,-3102,-282,11,52.11,54.33,48.67,53.33,0.32115393,0.33483579,0.29995321,0.32867279
2019-04-07 15:27:25.434,Idiot-01,FR0000121667,ESSILORLUXOTTICA,FR,HEALTH CARE SERVICES,MEDICAL EQUIPMENT & SERVICES,MEDICAL & DENTAL INSTRUMENTS,0.029464,-503257,-14828,-1348,11,61.17,57.67,62.17,63.67,1.80231288,1.69918888,1.83177688,1.87597288
2019-04-07 15:28:36.592,Idiot-01,FR0000127771,VIVENDI SE,FR,CONSUMER DISCRETIONARY,MEDIA,RADIO & TELEVISION BROADCASTERS,-0.015266,-503257,7683,591,13,57.17,52.67,62.17,56.67,-0.87275722,-0.80406022,-0.94908722,-0.86512422
2019-04-07 15:29:14.286,Idiot-01,FR0000120073,AIR LIQUIDE,FR,MATERIALS & PROCESSING,CHEMICALS & SYNTHETICS,SPECIALTY CHEMICALS,-0.004236,-503257,2132,164,13,61.78,59.67,62,63.67,-0.26170008,-0.25276212,-0.262632,-0.26970612
2019-04-07 15:24:31.566,Idiot-01,FR0012757854,SPIE,FR,PRODUCER DURABLES,COMMERCIAL SERVICES,ENGINEERING & CONTRACTING,-0.010078,-503257,5072,317,16,58.56,55,54.33,66.33,-0.59016768,-0.55429,-0.54753774,-0.66847374
2019-04-07 15:26:28.408,Idiot-01,FR0000051807,TELEPERFORMANCE,FR,CONSUMER DISCRETIONARY,MEDIA,ADVERTIING AGENCIES,-0.005531,-503257,2784,174,16,56.72,54,52.83,63.33,-0.31371832,-0.298674,-0.29220273,-0.35027823
2019-04-07 15:27:37.654,Idiot-01,FR0000121121,EURAZEO,FR,FINANCIAL SERVICES,INVESTMENT BANKING & BROKERAGE,ASSET MANAGEMENT & CUSTODIAN,-0.008136,-503257,4095,273,15,60.06,63,55.17,62,-0.48864816,-0.512568,-0.44886312,-0.504432
2019-04-07 15:29:31.018,Idiot-01,FR0006174348,BUREAU VERITAS,FR,PRODUCER DURABLES,COMMERCIAL SERVICES,BACK OFFICE HR & CONSULTANT,-0.009800,-503257,4932,548,9,55.89,54.33,53,60.33,-0.547722,-0.532434,-0.5194,-0.591234
2019-04-07 15:29:24.062,Idiot-01,FR0010307819,LEGRAND,FR,PRODUCER DURABLES,SCIENTIFIC INSTRUMENTS & SERVICES,SCIENCTIFIC INSTRUMENTS ELECTRICAL,0.017042,-503257,-8577,-953,9,65.17,64.33,64.83,66.33,1.11062714,1.09631186,1.10483286,1.13039586
2019-04-07 15:29:04.980,Idiot-01,FR0010242511,EDF,FR,UTILITIES,UTILITIES,ELECTRICAL UTILITIES,0.019433,-503257,-9780,-815,12,60.17,66.67,61.5,52.33,1.16928361,1.29559811,1.1951295,1.01692889
2019-04-07 15:27:32.766,Idiot-01,FR0010313833,ARKEMA,FR,MATERIALS & PROCESSING,CHEMICALS & SYNTHETICS,DIVERSIFIED CHEMICALS,-0.099456,-503257,50052,4171,12,62.78,61.33,61,66,-6.24384768,-6.09963648,-6.066816,-6.564096
2019-04-07 15:29:31.300,Idiot-04,FR0006174348,BUREAU VERITAS,FR,PRODUCER DURABLES,COMMERCIAL SERVICES,BACK OFFICE HR & CONSULTANT,0.007851,-699994,-5496,-458,12,55.89,54.33,53,60.33,0.43879239,0.42654483,0.416103,0.47365083
2019-04-07 15:29:54.330,Idiot-04,FR0000131906,RENAULT,FR,CONSUMER DISCRETIONARY,AUTO MOBILES,AUTO MOBILES,0.048428,-699994,-33900,-2825,12,60,63.67,62.33,54,2.90568,3.08341076,3.01851724,2.615112
2019-04-07 15:29:37.034,Idiot-04,FR0010313833,ARKEMA,FR,MATERIALS & PROCESSING,CHEMICALS & SYNTHETICS,DIVERSIFIED CHEMICALS,-0.053177,-699994,37224,3102,12,62.78,61.33,61,66,-3.33845206,-3.26134541,-3.243797,-3.509682
2019-04-07 15:26:35.364,Idiot-04,FR0000121329,THALES,FR,PRODUCER DURABLES,TRANSPORTATION & FREIGHT,AEROSPACE,-0.008560,-699994,5992,428,14,61.89,64.67,62,59,-0.5297784,-0.5535752,-0.53072,-0.50504
2019-04-07 15:25:34.702,Idiot-04,FR0000051807,TELEPERFORMANCE,FR,CONSUMER DISCRETIONARY,MEDIA,ADVERTIING AGENCIES,0.005760,-699994,-4032,-288,14,56.72,54,52.83,63.33,0.3267072,0.31104,0.3043008,0.3647808
2019-04-07 15:29:52.732,Idiot-04,FR0010220475,ALSTOM,FR,PRODUCER DURABLES,MANUFACTURING & PRODUCTION,POWER TRANSMISSION EQUIPMENT,0.162601,-699994,-113820,-5691,20,62.39,67.33,62.5,57.33,10.14467639,10.94792533,10.1625625,9.32191533
2019-04-07 15:25:51.372,Idiot-04,FR0000127771,VIVENDI SE,FR,CONSUMER DISCRETIONARY,MEDIA,RADIO & TELEVISION BROADCASTERS,-0.000091,-699994,64,8,8,57.17,52.67,62.17,56.67,-0.00520247,-0.00479297,-0.00565747,-0.00515697
2019-04-07 15:27:23.930,Idiot-04,FR0010533075,GETLINK SE,FR,PRODUCER DURABLES,TRANSPORTATION & FREIGHT,RAILROADS,0.016860,-699994,-11802,-1686,7,58.83,57.33,59.17,60,0.9918738,0.9665838,0.9976062,1.0116
2019-04-07 15:29:48.032,Idiot-04,FR0000120321,L'OREAL,FR,CONSUMER DISCRETIONARY,CONSUMER PRODUCT,COSMETICS,0.011100,-699994,-7770,-555,14,69.61,70.67,69.5,68.67,0.772671,0.784437,0.77145,0.762237
2019-04-07 15:29:46.810,Idiot-04,FR0000130403,CHRISTIAN DIOR,FR,CONSUMER DISCRETIONARY,CONSUMER PRODUCT,TEXTILE APPAREL & SHOES,-0.003900,-699994,2730,195,14,57.22,58,61,52.67,-0.223158,-0.2262,-0.2379,-0.205413
2019-04-07 15:30:06.550,Idiot-04,FR0000133308,ORANGE,FR,UTILITIES,UTILITIES,TELECOMMUNICATION UTILITIES,0.050347,-699994,-35243,-2711,13,60.56,55,67.67,59,3.04901432,2.769085,3.40698149,2.970473
2019-04-07 15:30:02.508,Idiot-04,FR0010908533,EDENRED,FR,CONSUMER DISCRETIONARY,LEISURE,HOTELS & MOTELS,-0.001722,-699994,1206,134,9,57.94,59,56.5,58.33,-0.09977268,-0.101598,-0.097293,-0.10044426
2019-04-07 15:29:21.148,Idiot-04,FR0000052292,HERMES INTL,FR,NOT CLASSIFIED,NOT CLASSIFIED,NOT CLASSIFIED,0.029338,-699994,-20537,-1867,11,53.67,53,52,56,1.57457046,1.554914,1.525576,1.642928
2019-04-07 15:29:41.170,Idiot-04,FR0000120628,AXA,FR,FINANCIAL SERVICES,INSURANCE,MULTI-LINE INSURANCE,-0.008155,-699994,5709,1903,3,65.5,60,66.83,69.67,-0.5341525,-0.4893,-0.54499865,-0.56815885
2019-04-07 15:29:24.908,Idiot-04,FR0010307819,LEGRAND,FR,PRODUCER DURABLES,SCIENTIFIC INSTRUMENTS & SERVICES,SCIENCTIFIC INSTRUMENTS ELECTRICAL,-0.013217,-699994,9252,1028,9,65.17,64.33,64.83,66.33,-0.86135189,-0.85024961,-0.85685811,-0.87668361
2019-04-07 15:29:51.980,Idiot-04,FR0000130577,PUBLICIS GROUPE SA,FR,CONSUMER DISCRETIONARY,MEDIA,ADVERTIING AGENCIES,-0.026498,-699994,18549,6183,3,56.22,56.33,56.33,56,-1.48971756,-1.49263234,-1.49263234,-1.483888
2019-04-07 15:29:20.584,Idiot-04,FR0012435121,ELIS,FR,CONSUMER DISCRETIONARY,CONSUMER SERVICES,CONSUMER RENTAL & LEASE SERVICES,0.018128,-699994,-12690,-846,15,57.5,59,49.17,64.33,1.04236,1.069552,0.89135376,1.16617424
2019-04-07 15:25:57.482,Idiot-04,FR0000120644,DANONE,FR,CONSUMER STAPLES,FOOD,FOOD,-0.001040,-699994,728,52,14,65.11,66,61.67,67.67,-0.0677144,-0.06864,-0.0641368,-0.0703768
2019-04-07 15:25:41.032,Idiot-04,FR0000054470,UBISOFT ENTERTAIN,FR,TECHNOLOGY,INFORMATION TECHNOLOGY,ELECTRONIC ENTERTAINMENT,-0.006160,-699994,4312,308,14,56,57.67,55.67,54.67,-0.34496,-0.3552472,-0.3429272,-0.3367672
2019-04-07 15:29:13.628,Idiot-04,FR0000131104,BNP PARIBAS ACT.A,FR,FINANCIAL SERVICES,BANKS,DIVERSIFIED BANKS,0.085143,-699994,-59600,-2980,20,63.5,61,65.83,63.67,5.4065805,5.193723,5.60496369,5.42105481
2019-04-07 15:30:05.798,Idiot-04,FR0000125486,VINCI,FR,PRODUCER DURABLES,MANUFACTURING & PRODUCTION,CONSTRUCTION,0.006857,-699994,-4800,-480,10,62.56,62.67,61.67,63.33,0.42897392,0.42972819,0.42287119,0.43425381
2019-04-07 15:25:43.570,Idiot-04,FR0000120693,PERNOD RICARD,FR,CONSUMER STAPLES,FOOD,BREWERS AND BEVERAGE DISTRIBUTION,0.006257,-699994,-4380,-292,15,64.22,64,63,65.67,0.40182454,0.400448,0.394191,0.41089719
2019-04-07 15:29:11.842,Idiot-04,FR0000120271,TOTALENERGIES,FR,ENERGY,NON-RENEWABLE ENERGY,INTEGRATED OIL,-0.002771,-699994,1940,97,20,63.28,64,64.83,61,-0.17534888,-0.177344,-0.17964393,-0.169031
2019-04-07 15:29:26.788,Idiot-04,FR0000045072,CREDIT AGRICOLE,FR,FINANCIAL SERVICES,BANKS,DIVERSIFIED BANKS,-0.009617,-699994,6732,612,11,59.72,55.67,66.17,57.33,-0.57432724,-0.53537839,-0.63635689,-0.55134261
2019-04-07 15:29:36.000,Idiot-04,FR0011981968,WORLDLINE,FR,TECHNOLOGY,INFORMATION TECHNOLOGY,COMPUTER SERVICES SOFTWARE & SYSTEMS,-0.036981,-699994,25887,8629,3,65.28,71,61.83,63,-2.41411968,-2.625651,-2.28653523,-2.329803
2019-04-07 15:29:35.530,Idiot-04,FR0010340141,ADP,FR,PRODUCER DURABLES,TRANSPORTATION & FREIGHT,MISCELLANEOUS TRANSPORTATION,-0.004731,-699994,3312,207,16,63.5,65.67,63.83,61,-0.3004185,-0.31068477,-0.30197973,-0.288591
2019-04-07 15:30:03.448,Idiot-04,FR0000051732,ATOS,FR,TECHNOLOGY,INFORMATION TECHNOLOGY,COMPUTER SERVICES SOFTWARE & SYSTEMS,-0.006985,-699994,4890,489,10,60.78,55.67,63.67,63,-0.4245483,-0.38885495,-0.44473495,-0.440055
2019-04-07 15:25:13.082,Idiot-04,FR0000124141,VEOLIA ENVIRON.,FR,UTILITIES,UTILITIES,MISCELLANEOUS UTILITIES,-0.000411,-699994,288,36,8,59.17,58.33,59.83,59.33,-0.02431887,-0.02397363,-0.02459013,-0.02438463
2019-04-07 15:29:57.808,Idiot-04,FR0000184798,ORPEA,FR,HEALTH CARE SERVICES,HEALTH CARE SERVICES,HEALTH CARE FACILITIES,0.007055,-699994,-4939,-449,11,52.11,54.33,48.67,53.33,0.36763605,0.38329815,0.34336685,0.37624315
2019-04-07 15:26:17.880,Idiot-04,FR0000120404,ACCOR,FR,CONSUMER DISCRETIONARY,LEISURE,HOTELS & MOTELS,0.172030,-699994,-120420,-6021,20,62.33,61.67,60.33,65,10.7226299,10.6090901,10.3785699,11.18195
2019-04-07 15:25:56.542,Idiot-04,FR0000121121,EURAZEO,FR,FINANCIAL SERVICES,INVESTMENT BANKING & BROKERAGE,ASSET MANAGEMENT & CUSTODIAN,0.013408,-699994,-9386,-722,13,60.06,63,55.17,62,0.80528448,0.844704,0.73971936,0.831296
2019-04-07 15:29:17.482,Idiot-04,FR0000121204,WENDEL,FR,PRODUCER DURABLES,MANUFACTURING & PRODUCTION,DIVERSIFIED MANUFACTURING,-0.014480,-699994,10136,1267,8,49.61,49.67,51.17,48,-0.7183528,-0.7192216,-0.7409416,-0.69504
2019-04-07 15:30:01.568,Idiot-04,FR0010451203,REXEL,FR,CONSUMER DISCRETIONARY,CONSUMER PRODUCT,CONSUMER ELECTRONICS,-0.010950,-699994,7665,511,15,60.94,57,60.17,65.67,-0.667293,-0.62415,-0.6588615,-0.7190865
2019-04-07 15:29:19.362,Idiot-04,FR0010040865,GECINA,FR,FINANCIAL SERVICES,REAL ESTATE INVESTMENT TRUSTS,OFFICE REIT,0.049988,-699994,-34992,-2916,12,65.44,67.33,61.33,67.67,3.27121472,3.36569204,3.06576404,3.38268796
2019-04-07 15:28:15.160,Idiot-04,FR0010208488,ENGIE,FR,UTILITIES,UTILITIES,MISCELLANEOUS UTILITIES,0.023451,-699994,-16416,-1368,12,62.17,59.33,64.17,63,1.45794867,1.39134783,1.50485067,1.477413
2019-04-07 15:27:37.184,Idiot-04,FR0000121485,KERING,FR,CONSUMER DISCRETIONARY,CONSUMER PRODUCT,TEXTILE APPAREL & SHOES,-0.007084,-699994,4959,551,9,59.94,59.33,61.17,59.33,-0.42461496,-0.42029372,-0.43332828,-0.42029372
2019-04-07 15:29:12.500,Idiot-04,FR0000125007,SAINT GOBAIN,FR,MATERIALS & PROCESSING,BUILDING MATERIALS,BUILDING MATERIALS,0.001320,-699994,-924,-132,7,61.89,62,60,63.67,0.0816948,0.08184,0.0792,0.0840444
2019-04-07 15:26:03.560,Idiot-04,FR0000121709,S.E.B.,FR,CONSUMER DISCRETIONARY,CONSUMER PRODUCT,HOUSEHOLD EQUIPMENT,0.078064,-699994,-54645,-3643,15,61.61,59,62.83,63,4.80952304,4.605776,4.90476112,4.918032
2019-04-07 15:29:40.606,Idiot-04,FR0000120073,AIR LIQUIDE,FR,MATERIALS & PROCESSING,CHEMICALS & SYNTHETICS,SPECIALTY CHEMICALS,0.095086,-699994,-66560,-3328,20,61.78,59.67,62,63.67,5.87441308,5.67378162,5.895332,6.05412562
2019-04-07 15:29:47.280,Idiot-04,FR0000121964,KLEPIERRE,FR,FINANCIAL SERVICES,REAL ESTATE INVESTMENT TRUSTS,RETAIL REIT,-0.002640,-699994,1848,616,3,61.94,63.33,59.17,63.33,-0.1635216,-0.1671912,-0.1562088,-0.1671912
2019-04-07 15:29:58.748,Idiot-04,FR0000130452,EIFFAGE,FR,PRODUCER DURABLES,MANUFACTURING & PRODUCTION,CONSTRUCTION,-0.008651,-699994,6056,757,8,57.83,55.67,60.17,57.67,-0.50028733,-0.48160117,-0.52053067,-0.49890317
2019-04-07 15:29:59.970,Idiot-04,FR0000121667,ESSILORLUXOTTICA,FR,HEALTH CARE SERVICES,MEDICAL EQUIPMENT & SERVICES,MEDICAL & DENTAL INSTRUMENTS,-0.096392,-699994,67474,6134,11,61.17,57.67,62.17,63.67,-5.89629864,-5.55892664,-5.99269064,-6.13727864
2019-04-07 15:29:57.150,Idiot-04,FR0000130395,REMY COINTREAU,FR,CONSUMER STAPLES,FOOD,BREWERS AND BEVERAGE DISTRIBUTION,-0.003714,-699994,2600,130,20,56.33,56.33,56.33,56.33,-0.20920962,-0.20920962,-0.20920962,-0.20920962
2019-04-07 15:30:03.824,Idiot-04,FR0000039299,BOLLORE,FR,PRODUCER DURABLES,TRANSPORTATION & FREIGHT,MISCELLANEOUS TRANSPORTATION,0.009554,-699994,-6688,-608,11,56.94,59.67,57.83,53.33,0.54400476,0.57008718,0.55250782,0.50951482
2019-04-07 15:29:32.898,Idiot-04,FR0000130809,SOCIETE GENERALE,FR,FINANCIAL SERVICES,BANKS,DIVERSIFIED BANKS,0.077000,-699994,-53900,-2695,20,61.22,59,64.33,60.33,4.71394,4.543,4.95341,4.64541
2019-04-07 15:29:50.382,Idiot-04,FR0000121220,SODEXO,FR,PRODUCER DURABLES,COMMERCIAL SERVICES,ENVIRONMENT MAINTENANCE & SECURITY,0.091743,-699994,-64220,-3211,20,64.67,64.33,66,63.67,5.93301981,5.90182719,6.055038,5.84127681
2019-04-07 15:29:16.918,Idiot-04,FR0000073272,SAFRAN,FR,PRODUCER DURABLES,TRANSPORTATION & FREIGHT,AEROSPACE,-0.010628,-699994,7440,744,10,58.22,59.33,60,55.33,-0.61876216,-0.63055924,-0.63768,-0.58804724
2019-04-07 15:29:51.510,Idiot-04,FR0000121147,FAURECIA,FR,CONSUMER DISCRETIONARY,AUTO MOBILES,AUTO PARTS,-0.049406,-699994,34584,2882,12,52.89,50.67,56.67,51.33,-2.61308334,-2.50340202,-2.79983802,-2.53600998
2019-04-07 15:23:26.080,Idiot-04,FR0000120503,BOUYGUES,FR,PRODUCER DURABLES,MANUFACTURING & PRODUCTION,CONSTRUCTION,-0.007595,-699994,5317,409,13,60.5,56.33,63.5,61.67,-0.4594975,-0.42782635,-0.4822825,-0.46838365
2019-04-07 15:29:43.520,Idiot-04,FR0000071946,ALTEN,FR,TECHNOLOGY,INFORMATION TECHNOLOGY,COMPUTER SERVICES SOFTWARE & SYSTEMS,0.145658,-699994,-101960,-5098,20,61.11,64.33,63,56,8.90116038,9.37017914,9.176454,8.156848
2019-04-07 15:29:23.122,Idiot-04,FR0010411983,SCOR SE,FR,FINANCIAL SERVICES,INSURANCE,MULTI-LINE INSURANCE,0.040873,-699994,-28611,-3179,9,55.11,50.33,58,57,2.25251103,2.05713809,2.370634,2.329761
2019-04-07 15:26:20.512,Idiot-04,FR0010242511,EDF,FR,UTILITIES,UTILITIES,ELECTRICAL UTILITIES,-0.000835,-699994,585,45,13,60.17,66.67,61.5,52.33,-0.05024195,-0.05566945,-0.0513525,-0.04369555
2019-04-07 15:29:34.120,Idiot-04,FR0010259150,IPSEN,FR,HEALTH CARE SERVICES,PHARMACEUTICALS,PHARMACEUTICALS,0.014245,-699994,-9972,-1108,9,58.28,55,57.83,62,0.8301986,0.783475,0.82378835,0.88319
2019-04-07 15:26:31.008,Idiot-04,FR0000120578,SANOFI,FR,HEALTH CARE SERVICES,PHARMACEUTICALS,PHARMACEUTICALS,0.009578,-699994,-6705,-745,9,62.06,60.67,65.17,60.33,0.59441068,0.58109726,0.62419826,0.57784074
2019-04-07 15:29:42.768,Idiot-04,FR0000125338,CAPGEMINI,FR,TECHNOLOGY,INFORMATION TECHNOLOGY,COMPUTER SERVICES SOFTWARE & SYSTEMS,0.042621,-699994,-29835,-2295,13,60.83,58.33,61.83,62.33,2.59263543,2.48608293,2.63525643,2.65656693
2019-04-07 15:29:49.348,Idiot-04,FR0000121014,LVMH,FR,CONSUMER DISCRETIONARY,CONSUMER PRODUCT,TEXTILE APPAREL & SHOES,0.036171,-699994,-25320,-2110,12,58.83,61.67,60.5,54.33,2.12793993,2.23066557,2.1883455,1.96517043
2019-04-07 15:28:26.158,Idiot-04,FR0000121972,SCHNEIDER ELECTRIC,FR,PRODUCER DURABLES,MANUFACTURING & PRODUCTION,POWER TRANSMISSION EQUIPMENT,-0.007225,-699994,5058,562,9,64.72,63.33,66.5,64.33,-0.467602,-0.45755925,-0.4804625,-0.46478425
2019-04-07 15:29:27.352,Idiot-04,FR0012757854,SPIE,FR,PRODUCER DURABLES,COMMERCIAL SERVICES,ENGINEERING & CONTRACTING,-0.037791,-699994,26454,8818,3,58.56,55,54.33,66.33,-2.21304096,-2.078505,-2.05318503,-2.50667703
2019-04-07 15:29:55.082,Idiot-04,FR0000120172,CARREFOUR,FR,CONSUMER STAPLES,PERSONAL CARE DRUGS & GROCERY,DRUG & GROCERY CHAINS,0.108400,-699994,-75880,-3794,20,63.83,62.67,64.17,64.67,6.919172,6.793428,6.956028,7.010228
2019-04-07 15:29:56.304,Idiot-04,FR0000050809,SOPRA STERIA GROUP,FR,TECHNOLOGY,INFORMATION TECHNOLOGY,COMPUTER SERVICES SOFTWARE & SYSTEMS,-0.023511,-699994,16458,5486,3,57.78,65.67,51.33,56.33,-1.35846558,-1.54396737,-1.20681963,-1.32437463